, , Rank , Pokemon            , Usage %   , Raw    , %       , Real   , %       .1, .1
1, ,1.0, Landorus-Therian   , 40.42436% ,1049317.0, 27.202% ,897660.0, 30.569% , 
2, ,2.0, Magearna           , 26.11410% ,399627.0, 10.360% ,312585.0, 10.645% , 
3, ,3.0, Heatran            , 22.12863% ,611418.0, 15.850% ,505755.0, 17.223% , 
4, ,4.0, Clefable           , 18.92449% ,340185.0,  8.819% ,255444.0,  8.699% , 
5, ,5.0, Chansey            , 18.83865% ,307271.0,  7.966% ,232090.0,  7.904% , 
6, ,6.0, Zygarde            , 17.57293% ,388558.0, 10.073% ,284785.0,  9.698% , 
7, ,7.0, Tapu Koko          , 16.95828% ,550110.0, 14.261% ,437376.0, 14.894% , 
8, ,8.0, Greninja-Ash       , 16.56466% ,599389.0, 15.539% ,440327.0, 14.995% , 
9, ,9.0, Zapdos             , 16.44210% ,362034.0,  9.385% ,289320.0,  9.852% , 
10, ,10.0, Toxapex            , 15.50543% ,363195.0,  9.415% ,279175.0,  9.507% , 
11, ,11.0, Ferrothorn         , 15.17344% ,588896.0, 15.266% ,498838.0, 16.987% , 
12, ,12.0, Tornadus-Therian   , 15.07907% ,263850.0,  6.840% ,207686.0,  7.072% , 
13, ,13.0, Greninja           , 13.13883% ,367480.0,  9.527% ,282702.0,  9.627% , 
14, ,14.0, Tapu Bulu          , 12.45171% ,299761.0,  7.771% ,232110.0,  7.904% , 
15, ,15.0, Tangrowth          , 12.35590% ,245596.0,  6.367% ,190808.0,  6.498% , 
16, ,16.0, Skarmory           , 11.72566% ,203539.0,  5.277% ,166005.0,  5.653% , 
17, ,17.0, Tapu Lele          , 11.35975% ,310845.0,  8.058% ,232088.0,  7.903% , 
18, ,18.0, Kartana            , 11.33499% ,410466.0, 10.641% ,298279.0, 10.158% , 
19, ,19.0, Excadrill          , 10.19294% ,283404.0,  7.347% ,218552.0,  7.443% , 
20, ,20.0, Mawile-Mega        ,  9.46409% ,228897.0,  5.934% ,166540.0,  5.671% , 
21, ,21.0, Scizor-Mega        ,  8.05390% ,239722.0,  6.215% ,185336.0,  6.311% , 
22, ,22.0, Alakazam-Mega      ,  7.89846% ,270386.0,  7.009% ,179707.0,  6.120% , 
23, ,23.0, Medicham-Mega      ,  7.87950% ,181620.0,  4.708% ,140914.0,  4.799% , 
24, ,24.0, Sableye-Mega       ,  7.48347% ,128068.0,  3.320% ,109975.0,  3.745% , 
25, ,25.0, Keldeo             ,  7.34716% ,144711.0,  3.751% ,109886.0,  3.742% , 
26, ,26.0, Hippowdon          ,  6.96185% ,56024.0,  1.452% ,47885.0,  1.631% , 
27, ,27.0, Tapu Fini          ,  6.73051% ,211525.0,  5.484% ,172407.0,  5.871% , 
28, ,28.0, Venusaur-Mega      ,  6.39211% ,148650.0,  3.854% ,114109.0,  3.886% , 
29, ,29.0, Serperior          ,  6.29013% ,266653.0,  6.913% ,192569.0,  6.558% , 
30, ,30.0, Volcarona          ,  6.28743% ,272654.0,  7.068% ,194774.0,  6.633% , 
31, ,31.0, Magnezone          ,  6.20505% ,209858.0,  5.440% ,162699.0,  5.541% , 
32, ,32.0, Hawlucha           ,  6.06597% ,250209.0,  6.486% ,168569.0,  5.740% , 
33, ,33.0, Gliscor            ,  5.74521% ,332198.0,  8.612% ,256886.0,  8.748% , 
34, ,34.0, Celesteela         ,  5.56882% ,248947.0,  6.454% ,195554.0,  6.659% , 
35, ,35.0, Blacephalon        ,  5.41319% ,200996.0,  5.211% ,145027.0,  4.939% , 
36, ,36.0, Kyurem-Black       ,  5.40737% ,189238.0,  4.906% ,141229.0,  4.809% , 
37, ,37.0, Rotom-Wash         ,  4.73463% ,277136.0,  7.184% ,230068.0,  7.835% , 
38, ,38.0, Charizard-Mega-X   ,  4.66640% ,258636.0,  6.705% ,193848.0,  6.601% , 
39, ,39.0, Bisharp            ,  4.55330% ,161828.0,  4.195% ,113369.0,  3.861% , 
40, ,40.0, Garchomp           ,  4.52575% ,280693.0,  7.277% ,213802.0,  7.281% , 
41, ,41.0, Gastrodon          ,  4.49809% ,145993.0,  3.785% ,114905.0,  3.913% , 
42, ,42.0, Lopunny-Mega       ,  4.46702% ,210651.0,  5.461% ,161121.0,  5.487% , 
43, ,43.0, Latias-Mega        ,  4.46518% ,33570.0,  0.870% ,23887.0,  0.813% , 
44, ,44.0, Pinsir-Mega        ,  4.44854% ,136595.0,  3.541% ,96058.0,  3.271% , 
45, ,45.0, Jirachi            ,  4.36406% ,128379.0,  3.328% ,96053.0,  3.271% , 
46, ,46.0, Tyranitar          ,  4.30541% ,225280.0,  5.840% ,175074.0,  5.962% , 
47, ,47.0, Swampert-Mega      ,  3.98043% ,170649.0,  4.424% ,137783.0,  4.692% , 
48, ,48.0, Gyarados-Mega      ,  3.84829% ,157375.0,  4.080% ,117573.0,  4.004% , 
49, ,49.0, Pelipper           ,  3.67365% ,167877.0,  4.352% ,153424.0,  5.225% , 
50, ,50.0, Hoopa-Unbound      ,  3.53150% ,125127.0,  3.244% ,87376.0,  2.975% , 
51, ,51.0, Diancie-Mega       ,  3.37072% ,86948.0,  2.254% ,70402.0,  2.397% , 
52, ,52.0, Quagsire           ,  3.21202% ,41623.0,  1.079% ,30726.0,  1.046% , 
53, ,53.0, Victini            ,  3.03584% ,160221.0,  4.154% ,121959.0,  4.153% , 
54, ,54.0, Mew                ,  2.98499% ,145330.0,  3.768% ,112177.0,  3.820% , 
55, ,55.0, Charizard-Mega-Y   ,  2.87321% ,221478.0,  5.742% ,175242.0,  5.968% , 
56, ,56.0, Manaphy            ,  2.72322% ,48583.0,  1.259% ,34424.0,  1.172% , 
57, ,57.0, Ninetales-Alola    ,  2.71963% ,129721.0,  3.363% ,102873.0,  3.503% , 
58, ,58.0, Tyranitar-Mega     ,  2.52746% ,93769.0,  2.431% ,70320.0,  2.395% , 
59, ,59.0, Reuniclus          ,  2.46720% ,46513.0,  1.206% ,33049.0,  1.125% , 
60, ,60.0, Weavile            ,  2.40998% ,128077.0,  3.320% ,92323.0,  3.144% , 
61, ,61.0, Mimikyu            ,  2.37916% ,230577.0,  5.977% ,159443.0,  5.430% , 
62, ,62.0, Latios-Mega        ,  2.28150% ,81287.0,  2.107% ,59370.0,  2.022% , 
63, ,63.0, Hydreigon          ,  2.10502% ,77637.0,  2.013% ,57887.0,  1.971% , 
64, ,64.0, Crawdaunt          ,  2.05192% ,49111.0,  1.273% ,35841.0,  1.221% , 
65, ,65.0, Muk-Alola          ,  1.88826% ,77497.0,  2.009% ,60068.0,  2.046% , 
66, ,66.0, Moltres            ,  1.81708% ,20033.0,  0.519% ,15240.0,  0.519% , 
67, ,67.0, Amoonguss          ,  1.65660% ,47396.0,  1.229% ,34809.0,  1.185% , 
68, ,68.0, Latios             ,  1.45636% ,121372.0,  3.146% ,86404.0,  2.942% , 
69, ,69.0, Slowbro            ,  1.45170% ,44646.0,  1.157% ,34495.0,  1.175% , 
70, ,70.0, Kingdra            ,  1.42901% ,79592.0,  2.063% ,55896.0,  1.903% , 
71, ,71.0, Marowak-Alola      ,  1.37791% ,72039.0,  1.868% ,54916.0,  1.870% , 
72, ,72.0, Dragonite          ,  1.25856% ,160207.0,  4.153% ,114397.0,  3.896% , 
73, ,73.0, Slowbro-Mega       ,  1.25615% ,22981.0,  0.596% ,17440.0,  0.594% , 
74, ,74.0, Gyarados           ,  1.25602% ,105124.0,  2.725% ,79469.0,  2.706% , 
75, ,75.0, Zeraora            ,  1.22370% ,204135.0,  5.292% ,152622.0,  5.197% , 
76, ,76.0, Azumarill          ,  1.19863% ,102372.0,  2.654% ,78054.0,  2.658% , 
77, ,77.0, Starmie            ,  1.14657% ,48435.0,  1.256% ,34660.0,  1.180% , 
78, ,78.0, Cresselia          ,  1.12569% ,48776.0,  1.264% ,37383.0,  1.273% , 
79, ,79.0, Heracross-Mega     ,  1.11735% ,54299.0,  1.408% ,38520.0,  1.312% , 
80, ,80.0, Ditto              ,  1.09771% ,55356.0,  1.435% ,40254.0,  1.371% , 
81, ,81.0, Kommo-o            ,  1.09158% ,64214.0,  1.665% ,46611.0,  1.587% , 
82, ,82.0, Talonflame         ,  1.02430% ,39761.0,  1.031% ,28774.0,  0.980% , 
83, ,83.0, Avalugg            ,  0.97573% ,14107.0,  0.366% ,10000.0,  0.341% , 
84, ,84.0, Pyukumuku          ,  0.97441% ,18201.0,  0.472% ,13670.0,  0.466% , 
85, ,85.0, Ribombee           ,  0.94446% ,39161.0,  1.015% ,34468.0,  1.174% , 
86, ,86.0, Araquanid          ,  0.90118% ,64910.0,  1.683% ,55642.0,  1.895% , 
87, ,87.0, Diggersby          ,  0.89961% ,25288.0,  0.656% ,19097.0,  0.650% , 
88, ,88.0, Gengar             ,  0.89592% ,124726.0,  3.233% ,86716.0,  2.953% , 
89, ,89.0, Thundurus          ,  0.87104% ,27207.0,  0.705% ,20750.0,  0.707% , 
90, ,90.0, Buzzwole           ,  0.76213% ,49496.0,  1.283% ,36586.0,  1.246% , 
91, ,91.0, Alomomola          ,  0.76199% ,19808.0,  0.514% ,14449.0,  0.492% , 
92, ,92.0, Shedinja           ,  0.75314% ,15840.0,  0.411% ,11005.0,  0.375% , 
93, ,93.0, Gardevoir-Mega     ,  0.74378% ,72509.0,  1.880% ,48470.0,  1.651% , 
94, ,94.0, Thundurus-Therian  ,  0.73126% ,65782.0,  1.705% ,51190.0,  1.743% , 
95, ,95.0, Altaria-Mega       ,  0.72682% ,31193.0,  0.809% ,22164.0,  0.755% , 
96, ,96.0, Mantine            ,  0.69746% ,25926.0,  0.672% ,19840.0,  0.676% , 
97, ,97.0, Mamoswine          ,  0.69589% ,66204.0,  1.716% ,52890.0,  1.801% , 
98, ,98.0, Volcanion          ,  0.69110% ,45176.0,  1.171% ,35039.0,  1.193% , 
99, ,99.0, Torkoal            ,  0.68775% ,30710.0,  0.796% ,27682.0,  0.943% , 
100, ,100.0, Golem-Alola        ,  0.62946% ,18849.0,  0.489% ,14188.0,  0.483% , 
101, ,101.0, Nidoking           ,  0.60495% ,69376.0,  1.798% ,53397.0,  1.818% , 
102, ,102.0, Salamence          ,  0.59919% ,69499.0,  1.802% ,49645.0,  1.691% , 
103, ,103.0, Latias             ,  0.58567% ,38075.0,  0.987% ,26958.0,  0.918% , 
104, ,104.0, Venusaur           ,  0.57285% ,37430.0,  0.970% ,27142.0,  0.924% , 
105, ,105.0, Gallade-Mega       ,  0.56411% ,65695.0,  1.703% ,45923.0,  1.564% , 
106, ,106.0, Suicune            ,  0.56152% ,35024.0,  0.908% ,26366.0,  0.898% , 
107, ,107.0, Aerodactyl         ,  0.56049% ,17929.0,  0.465% ,15541.0,  0.529% , 
108, ,108.0, Klefki             ,  0.49535% ,34211.0,  0.887% ,28882.0,  0.984% , 
109, ,109.0, Snorlax            ,  0.48384% ,74440.0,  1.930% ,53892.0,  1.835% , 
110, ,110.0, Scizor             ,  0.45136% ,74860.0,  1.941% ,55128.0,  1.877% , 
111, ,111.0, Cloyster           ,  0.44989% ,83272.0,  2.159% ,61592.0,  2.097% , 
112, ,112.0, Houndoom-Mega      ,  0.44916% ,20399.0,  0.529% ,14735.0,  0.502% , 
113, ,113.0, Xurkitree          ,  0.44529% ,52705.0,  1.366% ,38587.0,  1.314% , 
114, ,114.0, Terrakion          ,  0.44032% ,19244.0,  0.499% ,13796.0,  0.470% , 
115, ,115.0, Flygon             ,  0.43161% ,20073.0,  0.520% ,14758.0,  0.503% , 
116, ,116.0, Tentacruel         ,  0.42953% ,48888.0,  1.267% ,37643.0,  1.282% , 
117, ,117.0, Togekiss           ,  0.42504% ,68723.0,  1.782% ,49231.0,  1.676% , 
118, ,118.0, Garchomp-Mega      ,  0.42370% ,56177.0,  1.456% ,39673.0,  1.351% , 
119, ,119.0, Beedrill-Mega      ,  0.41434% ,81606.0,  2.116% ,61459.0,  2.093% , 
120, ,120.0, Shuckle            ,  0.41271% ,66463.0,  1.723% ,58671.0,  1.998% , 
121, ,121.0, Camerupt-Mega      ,  0.39531% ,14044.0,  0.364% ,10847.0,  0.369% , 
122, ,122.0, Darmanitan         ,  0.39084% ,45797.0,  1.187% ,35354.0,  1.204% , 
123, ,123.0, Porygon2           ,  0.36653% ,37169.0,  0.964% ,28383.0,  0.967% , 
124, ,124.0, Uxie               ,  0.35498% ,22736.0,  0.589% ,21235.0,  0.723% , 
125, ,125.0, Sharpedo-Mega      ,  0.34530% ,24176.0,  0.627% ,16640.0,  0.567% , 
126, ,126.0, Pidgeot-Mega       ,  0.33616% ,28434.0,  0.737% ,21152.0,  0.720% , 
127, ,127.0, Azelf              ,  0.32764% ,27762.0,  0.720% ,24659.0,  0.840% , 
128, ,128.0, Kyurem             ,  0.30631% ,6274.0,  0.163% ,4640.0,  0.158% , 
129, ,129.0, Seismitoad         ,  0.30509% ,18860.0,  0.489% ,15473.0,  0.527% , 
130, ,130.0, Staraptor          ,  0.30020% ,62487.0,  1.620% ,46383.0,  1.580% , 
131, ,131.0, Necrozma           ,  0.29590% ,12643.0,  0.328% ,8990.0,  0.306% , 
132, ,132.0, Druddigon          ,  0.29480% ,16807.0,  0.436% ,15409.0,  0.525% , 
133, ,133.0, Aerodactyl-Mega    ,  0.29460% ,33629.0,  0.872% ,24513.0,  0.835% , 
134, ,134.0, Infernape          ,  0.29230% ,82002.0,  2.126% ,61839.0,  2.106% , 
135, ,135.0, Espeon             ,  0.29162% ,60219.0,  1.561% ,43188.0,  1.471% , 
136, ,136.0, Breloom            ,  0.28910% ,79196.0,  2.053% ,59347.0,  2.021% , 
137, ,137.0, Mandibuzz          ,  0.27907% ,28935.0,  0.750% ,22371.0,  0.762% , 
138, ,138.0, Conkeldurr         ,  0.27436% ,73774.0,  1.913% ,56035.0,  1.908% , 
139, ,139.0, Donphan            ,  0.26815% ,27543.0,  0.714% ,22786.0,  0.776% , 
140, ,140.0, Manectric-Mega     ,  0.26453% ,58504.0,  1.517% ,46080.0,  1.569% , 
141, ,141.0, Scolipede          ,  0.24872% ,37817.0,  0.980% ,27603.0,  0.940% , 
142, ,142.0, Slurpuff           ,  0.24659% ,18328.0,  0.475% ,13519.0,  0.460% , 
143, ,143.0, Accelgor           ,  0.24194% ,15929.0,  0.413% ,12939.0,  0.441% , 
144, ,144.0, Alakazam           ,  0.23942% ,46636.0,  1.209% ,30313.0,  1.032% , 
145, ,145.0, Blastoise-Mega     ,  0.23347% ,29568.0,  0.767% ,22432.0,  0.764% , 
146, ,146.0, Salazzle           ,  0.21177% ,39094.0,  1.013% ,28478.0,  0.970% , 
147, ,147.0, Nidoqueen          ,  0.21119% ,12593.0,  0.326% ,9803.0,  0.334% , 
148, ,148.0, Goodra             ,  0.20764% ,60762.0,  1.575% ,45149.0,  1.537% , 
149, ,149.0, Porygon-Z          ,  0.20475% ,57785.0,  1.498% ,40708.0,  1.386% , 
150, ,150.0, Golisopod          ,  0.20021% ,23151.0,  0.600% ,17988.0,  0.613% , 
151, ,151.0, Noivern            ,  0.18452% ,21753.0,  0.564% ,15860.0,  0.540% , 
152, ,152.0, Raichu-Alola       ,  0.18361% ,26671.0,  0.691% ,18611.0,  0.634% , 
153, ,153.0, Blissey            ,  0.17645% ,48083.0,  1.246% ,35317.0,  1.203% , 
154, ,154.0, Stakataka          ,  0.16981% ,24069.0,  0.624% ,18020.0,  0.614% , 
155, ,155.0, Whimsicott         ,  0.16768% ,27398.0,  0.710% ,20949.0,  0.713% , 
156, ,156.0, Metagross          ,  0.15961% ,53718.0,  1.393% ,39651.0,  1.350% , 
157, ,157.0, Banette-Mega       ,  0.15845% ,18058.0,  0.468% ,13348.0,  0.455% , 
158, ,158.0, Nihilego           ,  0.15749% ,32853.0,  0.852% ,25045.0,  0.853% , 
159, ,159.0, Swampert           ,  0.15075% ,30562.0,  0.792% ,25206.0,  0.858% , 
160, ,160.0, Primarina          ,  0.14239% ,26762.0,  0.694% ,19593.0,  0.667% , 
161, ,161.0, Toxicroak          ,  0.14176% ,16174.0,  0.419% ,11900.0,  0.405% , 
162, ,162.0, Entei              ,  0.13882% ,14975.0,  0.388% ,11457.0,  0.390% , 
163, ,163.0, Empoleon           ,  0.13521% ,33586.0,  0.871% ,26422.0,  0.900% , 
164, ,164.0, Smeargle           ,  0.13437% ,29686.0,  0.770% ,26543.0,  0.904% , 
165, ,165.0, Doublade           ,  0.12862% ,11758.0,  0.305% ,8636.0,  0.294% , 
166, ,166.0, Steelix-Mega       ,  0.12077% ,16452.0,  0.427% ,13109.0,  0.446% , 
167, ,167.0, Sceptile-Mega      ,  0.11945% ,38450.0,  0.997% ,27269.0,  0.929% , 
168, ,168.0, Hitmonlee          ,  0.11619% ,14433.0,  0.374% ,9791.0,  0.333% , 
169, ,169.0, Galvantula         ,  0.11441% ,54288.0,  1.407% ,47316.0,  1.611% , 
170, ,170.0, Xatu               ,  0.11331% ,13420.0,  0.348% ,10075.0,  0.343% , 
171, ,171.0, Absol-Mega         ,  0.10653% ,20614.0,  0.534% ,15486.0,  0.527% , 
172, ,172.0, Chesnaught         ,  0.10570% ,11867.0,  0.308% ,8716.0,  0.297% , 
173, ,173.0, Zoroark            ,  0.10349% ,28280.0,  0.733% ,12851.0,  0.438% , 
174, ,174.0, Ludicolo           ,  0.10312% ,17824.0,  0.462% ,12677.0,  0.432% , 
175, ,175.0, Milotic            ,  0.10256% ,51871.0,  1.345% ,38470.0,  1.310% , 
176, ,176.0, Machamp            ,  0.10220% ,25943.0,  0.673% ,19132.0,  0.652% , 
177, ,177.0, Forretress         ,  0.09556% ,33496.0,  0.868% ,29171.0,  0.993% , 
178, ,178.0, Slowking           ,  0.09479% ,12015.0,  0.311% ,9057.0,  0.308% , 
179, ,179.0, Arcanine           ,  0.09410% ,70378.0,  1.824% ,53179.0,  1.811% , 
180, ,180.0, Celebi             ,  0.09231% ,13583.0,  0.352% ,9855.0,  0.336% , 
181, ,181.0, Aggron-Mega        ,  0.08855% ,29710.0,  0.770% ,23705.0,  0.807% , 
182, ,182.0, Lycanroc           ,  0.08782% ,6544.0,  0.170% ,4840.0,  0.165% , 
183, ,183.0, Rhyperior          ,  0.08622% ,16065.0,  0.416% ,12332.0,  0.420% , 
184, ,184.0, Chandelure         ,  0.08429% ,50676.0,  1.314% ,37094.0,  1.263% , 
185, ,185.0, Crustle            ,  0.08141% ,3506.0,  0.091% ,2719.0,  0.093% , 
186, ,186.0, Incineroar         ,  0.08114% ,45382.0,  1.176% ,36592.0,  1.246% , 
187, ,187.0, Rotom-Heat         ,  0.07840% ,24005.0,  0.622% ,19412.0,  0.661% , 
188, ,188.0, Omastar            ,  0.07773% ,10466.0,  0.271% ,7771.0,  0.265% , 
189, ,189.0, Glalie-Mega        ,  0.07702% ,13246.0,  0.343% ,9893.0,  0.337% , 
190, ,190.0, Exeggutor-Alola    ,  0.07350% ,8320.0,  0.216% ,6057.0,  0.206% , 
191, ,191.0, Meloetta           ,  0.07268% ,9085.0,  0.236% ,6286.0,  0.214% , 
192, ,192.0, Crabominable       ,  0.06911% ,3370.0,  0.087% ,2377.0,  0.081% , 
193, ,193.0, Tyrantrum          ,  0.06881% ,12832.0,  0.333% ,9049.0,  0.308% , 
194, ,194.0, Comfey             ,  0.06842% ,9100.0,  0.236% ,6382.0,  0.217% , 
195, ,195.0, Cofagrigus         ,  0.06754% ,21584.0,  0.560% ,16735.0,  0.570% , 
196, ,196.0, Umbreon            ,  0.06689% ,60324.0,  1.564% ,42187.0,  1.437% , 
197, ,197.0, Vaporeon           ,  0.06602% ,26066.0,  0.676% ,19528.0,  0.665% , 
198, ,198.0, Victreebel         ,  0.06541% ,6669.0,  0.173% ,4765.0,  0.162% , 
199, ,199.0, Bronzong           ,  0.06425% ,16236.0,  0.421% ,13596.0,  0.463% , 
200, ,200.0, Mimikyu-Totem      ,  0.06343% ,2424.0,  0.063% ,1516.0,  0.052% , 
201, ,201.0, Carracosta         ,  0.06211% ,4540.0,  0.118% ,3226.0,  0.110% , 
202, ,202.0, Electrode          ,  0.05974% ,6545.0,  0.170% ,5670.0,  0.193% , 
203, ,203.0, Gardevoir          ,  0.05498% ,23079.0,  0.598% ,15736.0,  0.536% , 
204, ,204.0, Krookodile         ,  0.05484% ,34170.0,  0.886% ,25549.0,  0.870% , 
205, ,205.0, Mismagius          ,  0.05348% ,10903.0,  0.283% ,7639.0,  0.260% , 
206, ,206.0, Gligar             ,  0.05347% ,2750.0,  0.071% ,2124.0,  0.072% , 
207, ,207.0, Abomasnow-Mega     ,  0.05291% ,9789.0,  0.254% ,7444.0,  0.253% , 
208, ,208.0, Heracross          ,  0.05203% ,18002.0,  0.467% ,12576.0,  0.428% , 
209, ,209.0, Stoutland          ,  0.05132% ,5668.0,  0.147% ,3901.0,  0.133% , 
210, ,210.0, Sylveon            ,  0.05015% ,39880.0,  1.034% ,26865.0,  0.915% , 
211, ,211.0, Hoopa              ,  0.04991% ,3770.0,  0.098% ,2642.0,  0.090% , 
212, ,212.0, Swellow            ,  0.04851% ,17999.0,  0.467% ,12836.0,  0.437% , 
213, ,213.0, Politoed           ,  0.04846% ,26296.0,  0.682% ,22369.0,  0.762% , 
214, ,214.0, Emboar             ,  0.04756% ,6950.0,  0.180% ,5019.0,  0.171% , 
215, ,215.0, Feraligatr         ,  0.04698% ,26320.0,  0.682% ,18884.0,  0.643% , 
216, ,216.0, Jolteon            ,  0.04630% ,47661.0,  1.236% ,35970.0,  1.225% , 
217, ,217.0, Rhydon             ,  0.04593% ,7182.0,  0.186% ,5581.0,  0.190% , 
218, ,218.0, Lucario            ,  0.04558% ,40597.0,  1.052% ,28542.0,  0.972% , 
219, ,219.0, Qwilfish           ,  0.04547% ,4542.0,  0.118% ,3468.0,  0.118% , 
220, ,220.0, Articuno           ,  0.04494% ,7526.0,  0.195% ,5468.0,  0.186% , 
221, ,221.0, Clamperl           ,  0.04000% ,847.0,  0.022% ,620.0,  0.021% , 
222, ,222.0, Tornadus           ,  0.03960% ,6295.0,  0.163% ,4767.0,  0.162% , 
223, ,223.0, Ursaring           ,  0.03954% ,7056.0,  0.183% ,4890.0,  0.167% , 
224, ,224.0, Miltank            ,  0.03868% ,9746.0,  0.253% ,7058.0,  0.240% , 
225, ,225.0, Crobat             ,  0.03865% ,39902.0,  1.034% ,29432.0,  1.002% , 
226, ,226.0, Haxorus            ,  0.03832% ,30189.0,  0.783% ,19968.0,  0.680% , 
227, ,227.0, Sawsbuck           ,  0.03758% ,4541.0,  0.118% ,3085.0,  0.105% , 
228, ,228.0, Raikou             ,  0.03712% ,17479.0,  0.453% ,13000.0,  0.443% , 
229, ,229.0, Linoone            ,  0.03514% ,12504.0,  0.324% ,9125.0,  0.311% , 
230, ,230.0, Minior             ,  0.03499% ,14935.0,  0.387% ,10733.0,  0.365% , 
231, ,231.0, Venomoth           ,  0.03472% ,5783.0,  0.150% ,4047.0,  0.138% , 
232, ,232.0, Pikachu            ,  0.03398% ,16325.0,  0.423% ,11883.0,  0.405% , 
233, ,233.0, Roserade           ,  0.03331% ,22407.0,  0.581% ,16294.0,  0.555% , 
234, ,234.0, Decidueye          ,  0.03285% ,21968.0,  0.569% ,15934.0,  0.543% , 
235, ,235.0, Typhlosion         ,  0.02905% ,18011.0,  0.467% ,13237.0,  0.451% , 
236, ,236.0, Togedemaru         ,  0.02792% ,8325.0,  0.216% ,6351.0,  0.216% , 
237, ,237.0, Kabutops           ,  0.02760% ,10801.0,  0.280% ,7445.0,  0.254% , 
238, ,238.0, Lycanroc-Dusk      ,  0.02751% ,22840.0,  0.592% ,16501.0,  0.562% , 
239, ,239.0, Rotom-Mow          ,  0.02724% ,7091.0,  0.184% ,5546.0,  0.189% , 
240, ,240.0, Yanmega            ,  0.02714% ,10682.0,  0.277% ,7538.0,  0.257% , 
241, ,241.0, Dragalge           ,  0.02576% ,11111.0,  0.288% ,8060.0,  0.274% , 
242, ,242.0, Magneton           ,  0.02554% ,7211.0,  0.187% ,5395.0,  0.184% , 
243, ,243.0, Tsareena           ,  0.02543% ,12300.0,  0.319% ,9110.0,  0.310% , 
244, ,244.0, Sandslash-Alola    ,  0.02527% ,10047.0,  0.260% ,7548.0,  0.257% , 
245, ,245.0, Chimecho           ,  0.02497% ,2607.0,  0.068% ,1834.0,  0.062% , 
246, ,246.0, Mienshao           ,  0.02469% ,14867.0,  0.385% ,11091.0,  0.378% , 
247, ,247.0, Cobalion           ,  0.02327% ,8676.0,  0.225% ,6621.0,  0.225% , 
248, ,248.0, Shiinotic          ,  0.02272% ,4550.0,  0.118% ,3193.0,  0.109% , 
249, ,249.0, Exeggutor          ,  0.02251% ,7702.0,  0.200% ,5442.0,  0.185% , 
250, ,250.0, Weezing            ,  0.02238% ,12486.0,  0.324% ,9895.0,  0.337% , 
251, ,251.0, Lapras             ,  0.02213% ,16984.0,  0.440% ,12536.0,  0.427% , 
252, ,252.0, Palossand          ,  0.02127% ,6045.0,  0.157% ,4547.0,  0.155% , 
253, ,253.0, Cradily            ,  0.02095% ,11739.0,  0.304% ,8657.0,  0.295% , 
254, ,254.0, Sigilyph           ,  0.02063% ,15827.0,  0.410% ,11152.0,  0.380% , 
255, ,255.0, Gigalith           ,  0.02047% ,10027.0,  0.260% ,8356.0,  0.285% , 
256, ,256.0, Archeops           ,  0.01981% ,5790.0,  0.150% ,4083.0,  0.139% , 
257, ,257.0, Slaking            ,  0.01895% ,11426.0,  0.296% ,8614.0,  0.293% , 
258, ,258.0, Shaymin            ,  0.01853% ,5479.0,  0.142% ,3818.0,  0.130% , 
259, ,259.0, Audino             ,  0.01814% ,4250.0,  0.110% ,3115.0,  0.106% , 
260, ,260.0, Dhelmise           ,  0.01770% ,9222.0,  0.239% ,6816.0,  0.232% , 
261, ,261.0, Ampharos-Mega      ,  0.01768% ,13735.0,  0.356% ,9462.0,  0.322% , 
262, ,262.0, Dusclops           ,  0.01767% ,14949.0,  0.388% ,11337.0,  0.386% , 
263, ,263.0, Bewear             ,  0.01737% ,7780.0,  0.202% ,5554.0,  0.189% , 
264, ,264.0, Ninjask            ,  0.01732% ,7702.0,  0.200% ,5579.0,  0.190% , 
265, ,265.0, Komala             ,  0.01675% ,5603.0,  0.145% ,3983.0,  0.136% , 
266, ,266.0, Stunfisk           ,  0.01667% ,3047.0,  0.079% ,2396.0,  0.082% , 
267, ,267.0, Ninetales          ,  0.01566% ,22676.0,  0.588% ,17963.0,  0.612% , 
268, ,268.0, Virizion           ,  0.01546% ,3510.0,  0.091% ,2521.0,  0.086% , 
269, ,269.0, Kecleon            ,  0.01543% ,5283.0,  0.137% ,3989.0,  0.136% , 
270, ,270.0, Malamar            ,  0.01537% ,12394.0,  0.321% ,9098.0,  0.310% , 
271, ,271.0, Sharpedo           ,  0.01531% ,9398.0,  0.244% ,6978.0,  0.238% , 
272, ,272.0, Tangela            ,  0.01499% ,3419.0,  0.089% ,2484.0,  0.085% , 
273, ,273.0, Honchkrow          ,  0.01473% ,14522.0,  0.376% ,10057.0,  0.342% , 
274, ,274.0, Persian-Alola      ,  0.01450% ,24551.0,  0.636% ,20987.0,  0.715% , 
275, ,275.0, Vikavolt           ,  0.01444% ,10739.0,  0.278% ,7773.0,  0.265% , 
276, ,276.0, Kricketune         ,  0.01443% ,1343.0,  0.035% ,1148.0,  0.039% , 
277, ,277.0, Poliwrath          ,  0.01397% ,9522.0,  0.247% ,7012.0,  0.239% , 
278, ,278.0, Durant             ,  0.01370% ,7734.0,  0.200% ,5440.0,  0.185% , 
279, ,279.0, Sceptile           ,  0.01365% ,16350.0,  0.424% ,11397.0,  0.388% , 
280, ,280.0, Jellicent          ,  0.01339% ,10171.0,  0.264% ,7379.0,  0.251% , 
281, ,281.0, Magcargo           ,  0.01334% ,3097.0,  0.080% ,2395.0,  0.082% , 
282, ,282.0, Primeape           ,  0.01327% ,5136.0,  0.133% ,3610.0,  0.123% , 
283, ,283.0, Gogoat             ,  0.01318% ,3648.0,  0.095% ,2574.0,  0.088% , 
284, ,284.0, Hitmonchan         ,  0.01316% ,6569.0,  0.170% ,4882.0,  0.166% , 
285, ,285.0, Heliolisk          ,  0.01296% ,11879.0,  0.308% ,8206.0,  0.279% , 
286, ,286.0, Vanilluxe          ,  0.01285% ,3573.0,  0.093% ,2623.0,  0.089% , 
287, ,287.0, Florges            ,  0.01283% ,18413.0,  0.477% ,12915.0,  0.440% , 
288, ,288.0, Registeel          ,  0.01256% ,9211.0,  0.239% ,7349.0,  0.250% , 
289, ,289.0, Delphox            ,  0.01234% ,11945.0,  0.310% ,8497.0,  0.289% , 
290, ,290.0, Seviper            ,  0.01233% ,1846.0,  0.048% ,1258.0,  0.043% , 
291, ,291.0, Diancie            ,  0.01209% ,4058.0,  0.105% ,3010.0,  0.103% , 
292, ,292.0, Blastoise          ,  0.01189% ,15456.0,  0.401% ,11592.0,  0.395% , 
293, ,293.0, Dugtrio-Alola      ,  0.01179% ,3148.0,  0.082% ,2423.0,  0.083% , 
294, ,294.0, Steelix            ,  0.01118% ,9006.0,  0.233% ,6909.0,  0.235% , 
295, ,295.0, Lycanroc-Midnight  ,  0.01104% ,5511.0,  0.143% ,3910.0,  0.133% , 
296, ,296.0, Bellossom          ,  0.01095% ,2871.0,  0.074% ,1985.0,  0.068% , 
297, ,297.0, Ambipom            ,  0.01090% ,17028.0,  0.441% ,13491.0,  0.459% , 
298, ,298.0, Spiritomb          ,  0.01080% ,7975.0,  0.207% ,5901.0,  0.201% , 
299, ,299.0, Dusknoir           ,  0.01068% ,25303.0,  0.656% ,19221.0,  0.655% , 
300, ,300.0, Carvanha           ,  0.01057% ,1289.0,  0.033% ,924.0,  0.031% , 
301, ,301.0, Kingler            ,  0.01035% ,4566.0,  0.118% ,3368.0,  0.115% , 
302, ,302.0, Vivillon           ,  0.01021% ,8717.0,  0.226% ,6639.0,  0.226% , 
303, ,303.0, Mudsdale           ,  0.01019% ,7445.0,  0.193% ,5724.0,  0.195% , 
304, ,304.0, Swoobat            ,  0.01010% ,3859.0,  0.100% ,2643.0,  0.090% , 
305, ,305.0, Rampardos          ,  0.01008% ,7560.0,  0.196% ,5337.0,  0.182% , 
306, ,306.0, Froslass           ,  0.00989% ,12620.0,  0.327% ,9745.0,  0.332% , 
307, ,307.0, Flareon            ,  0.00942% ,7387.0,  0.191% ,5439.0,  0.185% , 
308, ,308.0, Lanturn            ,  0.00912% ,9288.0,  0.241% ,6920.0,  0.236% , 
309, ,309.0, Electivire         ,  0.00898% ,26914.0,  0.698% ,19239.0,  0.655% , 
310, ,310.0, Shiftry            ,  0.00889% ,4691.0,  0.122% ,3470.0,  0.118% , 
311, ,311.0, Lurantis           ,  0.00886% ,7574.0,  0.196% ,5657.0,  0.193% , 
312, ,312.0, Sableye            ,  0.00880% ,11822.0,  0.306% ,9090.0,  0.310% , 
313, ,313.0, Drampa             ,  0.00873% ,6515.0,  0.169% ,4676.0,  0.159% , 
314, ,314.0, Magmortar          ,  0.00868% ,7990.0,  0.207% ,5808.0,  0.198% , 
315, ,315.0, Guzzlord           ,  0.00851% ,3660.0,  0.095% ,2652.0,  0.090% , 
316, ,316.0, Audino-Mega        ,  0.00848% ,4809.0,  0.125% ,3502.0,  0.119% , 
317, ,317.0, Trevenant          ,  0.00839% ,13614.0,  0.353% ,9894.0,  0.337% , 
318, ,318.0, Regice             ,  0.00824% ,5581.0,  0.145% ,3958.0,  0.135% , 
319, ,319.0, Vileplume          ,  0.00816% ,6595.0,  0.171% ,4960.0,  0.169% , 
320, ,320.0, Jynx               ,  0.00760% ,3971.0,  0.103% ,2759.0,  0.094% , 
321, ,321.0, Raichu             ,  0.00753% ,8844.0,  0.229% ,6300.0,  0.215% , 
322, ,322.0, Hitmontop          ,  0.00740% ,9323.0,  0.242% ,7016.0,  0.239% , 
323, ,323.0, Exploud            ,  0.00734% ,5948.0,  0.154% ,4547.0,  0.155% , 
324, ,324.0, Zygarde-10%        ,  0.00717% ,3859.0,  0.100% ,2873.0,  0.098% , 
325, ,325.0, Pangoro            ,  0.00705% ,5904.0,  0.153% ,4374.0,  0.149% , 
326, ,326.0, Klinklang          ,  0.00679% ,3699.0,  0.096% ,2637.0,  0.090% , 
327, ,327.0, Scrafty            ,  0.00678% ,16521.0,  0.428% ,11987.0,  0.408% , 
328, ,328.0, Zangoose           ,  0.00676% ,6884.0,  0.178% ,4856.0,  0.165% , 
329, ,329.0, Braviary           ,  0.00661% ,6772.0,  0.176% ,4836.0,  0.165% , 
330, ,330.0, Regirock           ,  0.00658% ,3653.0,  0.095% ,2705.0,  0.092% , 
331, ,331.0, Eelektross         ,  0.00646% ,16861.0,  0.437% ,12834.0,  0.437% , 
332, ,332.0, Volbeat            ,  0.00638% ,1491.0,  0.039% ,1147.0,  0.039% , 
333, ,333.0, Leavanny           ,  0.00637% ,4257.0,  0.110% ,3337.0,  0.114% , 
334, ,334.0, Gourgeist-Super    ,  0.00631% ,2719.0,  0.070% ,2072.0,  0.071% , 
335, ,335.0, Lilligant          ,  0.00630% ,5971.0,  0.155% ,4100.0,  0.140% , 
336, ,336.0, Cinccino           ,  0.00607% ,9506.0,  0.246% ,6554.0,  0.223% , 
337, ,337.0, Claydol            ,  0.00596% ,7045.0,  0.183% ,5685.0,  0.194% , 
338, ,338.0, Aron               ,  0.00591% ,5071.0,  0.131% ,3542.0,  0.121% , 
339, ,339.0, Drapion            ,  0.00587% ,12730.0,  0.330% ,9557.0,  0.325% , 
340, ,340.0, Masquerain         ,  0.00584% ,5882.0,  0.152% ,4971.0,  0.169% , 
341, ,341.0, Lopunny            ,  0.00582% ,2007.0,  0.052% ,1484.0,  0.051% , 
342, ,342.0, Araquanid-Totem    ,  0.00570% ,227.0,  0.006% ,192.0,  0.007% , 
343, ,343.0, Mawile             ,  0.00516% ,1490.0,  0.039% ,1029.0,  0.035% , 
344, ,344.0, Bruxish            ,  0.00502% ,2688.0,  0.070% ,1880.0,  0.064% , 
345, ,345.0, Silvally           ,  0.00497% ,4055.0,  0.105% ,3237.0,  0.110% , 
346, ,346.0, Barbaracle         ,  0.00497% ,4133.0,  0.107% ,2950.0,  0.100% , 
347, ,347.0, Bayleef            ,  0.00472% ,594.0,  0.015% ,416.0,  0.014% , 
348, ,348.0, Eevee              ,  0.00466% ,2752.0,  0.071% ,1934.0,  0.066% , 
349, ,349.0, Liepard            ,  0.00456% ,7321.0,  0.190% ,5501.0,  0.187% , 
350, ,350.0, Torterra           ,  0.00453% ,11328.0,  0.294% ,8444.0,  0.288% , 
351, ,351.0, Cryogonal          ,  0.00453% ,6753.0,  0.175% ,5026.0,  0.171% , 
352, ,352.0, Beartic            ,  0.00451% ,4559.0,  0.118% ,3102.0,  0.106% , 
353, ,353.0, Sandslash          ,  0.00439% ,5168.0,  0.134% ,3913.0,  0.133% , 
354, ,354.0, Tropius            ,  0.00433% ,4058.0,  0.105% ,2973.0,  0.101% , 
355, ,355.0, Chatot             ,  0.00429% ,3867.0,  0.100% ,2974.0,  0.101% , 
356, ,356.0, Hariyama           ,  0.00421% ,5646.0,  0.146% ,4284.0,  0.146% , 
357, ,357.0, Luxray             ,  0.00418% ,10555.0,  0.274% ,7761.0,  0.264% , 
358, ,358.0, Mesprit            ,  0.00409% ,1856.0,  0.048% ,1509.0,  0.051% , 
359, ,359.0, Butterfree         ,  0.00401% ,4062.0,  0.105% ,3058.0,  0.104% , 
360, ,360.0, Golbat             ,  0.00398% ,2020.0,  0.052% ,1488.0,  0.051% , 
361, ,361.0, Charizard          ,  0.00395% ,12078.0,  0.313% ,8799.0,  0.300% , 
362, ,362.0, Sneasel            ,  0.00394% ,870.0,  0.023% ,635.0,  0.022% , 
363, ,363.0, Arbok              ,  0.00389% ,3102.0,  0.080% ,2242.0,  0.076% , 
364, ,364.0, Corsola            ,  0.00386% ,1416.0,  0.037% ,974.0,  0.033% , 
365, ,365.0, Togetic            ,  0.00379% ,1683.0,  0.044% ,1228.0,  0.042% , 
366, ,366.0, Jigglypuff         ,  0.00378% ,337.0,  0.009% ,263.0,  0.009% , 
367, ,367.0, Marowak            ,  0.00373% ,3198.0,  0.083% ,2373.0,  0.081% , 
368, ,368.0, Aromatisse         ,  0.00367% ,1580.0,  0.041% ,1120.0,  0.038% , 
369, ,369.0, Glaceon            ,  0.00367% ,5956.0,  0.154% ,4188.0,  0.143% , 
370, ,370.0, Sawk               ,  0.00364% ,4994.0,  0.129% ,3552.0,  0.121% , 
371, ,371.0, Dodrio             ,  0.00355% ,4276.0,  0.111% ,2895.0,  0.099% , 
372, ,372.0, Wishiwashi         ,  0.00352% ,3580.0,  0.093% ,2599.0,  0.089% , 
373, ,373.0, Leafeon            ,  0.00346% ,9042.0,  0.234% ,6172.0,  0.210% , 
374, ,374.0, Golurk             ,  0.00343% ,8448.0,  0.219% ,6255.0,  0.213% , 
375, ,375.0, Aurorus            ,  0.00342% ,4289.0,  0.111% ,3423.0,  0.117% , 
376, ,376.0, Probopass          ,  0.00336% ,3827.0,  0.099% ,3046.0,  0.104% , 
377, ,377.0, Drifblim           ,  0.00333% ,5042.0,  0.131% ,3693.0,  0.126% , 
378, ,378.0, Aggron             ,  0.00324% ,9571.0,  0.248% ,7206.0,  0.245% , 
379, ,379.0, Wartortle          ,  0.00323% ,484.0,  0.013% ,381.0,  0.013% , 
380, ,380.0, Silvally-Ghost     ,  0.00322% ,822.0,  0.021% ,625.0,  0.021% , 
381, ,381.0, Silvally-Steel     ,  0.00321% ,2488.0,  0.064% ,1985.0,  0.068% , 
382, ,382.0, Ledian             ,  0.00319% ,490.0,  0.013% ,380.0,  0.013% , 
383, ,383.0, Golem              ,  0.00314% ,5631.0,  0.146% ,4461.0,  0.152% , 
384, ,384.0, Meowstic           ,  0.00308% ,5542.0,  0.144% ,4419.0,  0.150% , 
385, ,385.0, Medicham           ,  0.00301% ,3635.0,  0.094% ,2560.0,  0.087% , 
386, ,386.0, Murkrow            ,  0.00299% ,3073.0,  0.080% ,2261.0,  0.077% , 
387, ,387.0, Farfetch'd         ,  0.00298% ,1929.0,  0.050% ,1410.0,  0.048% , 
388, ,388.0, Oranguru           ,  0.00297% ,1050.0,  0.027% ,772.0,  0.026% , 
389, ,389.0, Silvally-Grass     ,  0.00296% ,547.0,  0.014% ,439.0,  0.015% , 
390, ,390.0, Silvally-Flying    ,  0.00287% ,673.0,  0.017% ,445.0,  0.015% , 
391, ,391.0, Seaking            ,  0.00281% ,1704.0,  0.044% ,1218.0,  0.041% , 
392, ,392.0, Wailord            ,  0.00277% ,3064.0,  0.079% ,2254.0,  0.077% , 
393, ,393.0, Carbink            ,  0.00277% ,2407.0,  0.062% ,2025.0,  0.069% , 
394, ,394.0, Toucannon          ,  0.00274% ,4173.0,  0.108% ,2894.0,  0.099% , 
395, ,395.0, Shelmet            ,  0.00271% ,223.0,  0.006% ,156.0,  0.005% , 
396, ,396.0, Skuntank           ,  0.00269% ,1786.0,  0.046% ,1294.0,  0.044% , 
397, ,397.0, Dedenne            ,  0.00254% ,2549.0,  0.066% ,1740.0,  0.059% , 
398, ,398.0, Whiscash           ,  0.00251% ,1851.0,  0.048% ,1361.0,  0.046% , 
399, ,399.0, Tauros             ,  0.00249% ,7500.0,  0.194% ,5516.0,  0.188% , 
400, ,400.0, Meganium           ,  0.00244% ,4872.0,  0.126% ,3493.0,  0.119% , 
401, ,401.0, Dugtrio            ,  0.00242% ,4607.0,  0.119% ,3369.0,  0.115% , 
402, ,402.0, Escavalier         ,  0.00238% ,6007.0,  0.156% ,4422.0,  0.151% , 
403, ,403.0, Cacturne           ,  0.00222% ,3846.0,  0.100% ,2741.0,  0.093% , 
404, ,404.0, Sudowoodo          ,  0.00219% ,1875.0,  0.049% ,1437.0,  0.049% , 
405, ,405.0, Gloom              ,  0.00215% ,455.0,  0.012% ,370.0,  0.013% , 
406, ,406.0, Bouffalant         ,  0.00209% ,4130.0,  0.107% ,2847.0,  0.097% , 
407, ,407.0, Wigglytuff         ,  0.00205% ,3087.0,  0.080% ,2375.0,  0.081% , 
408, ,408.0, Lickilicky         ,  0.00204% ,2208.0,  0.057% ,1643.0,  0.056% , 
409, ,409.0, Type: Null         ,  0.00200% ,1752.0,  0.045% ,1294.0,  0.044% , 
410, ,410.0, Magmar             ,  0.00195% ,1274.0,  0.033% ,1000.0,  0.034% , 
411, ,411.0, Spheal             ,  0.00188% ,54.0,  0.001% ,28.0,  0.001% , 
412, ,412.0, Wobbuffet          ,  0.00188% ,3508.0,  0.091% ,2637.0,  0.090% , 
413, ,413.0, Granbull           ,  0.00187% ,3736.0,  0.097% ,2653.0,  0.090% , 
414, ,414.0, Illumise           ,  0.00181% ,1200.0,  0.031% ,931.0,  0.032% , 
415, ,415.0, Dunsparce          ,  0.00179% ,1884.0,  0.049% ,1373.0,  0.047% , 
416, ,416.0, Scyther            ,  0.00178% ,6117.0,  0.159% ,4233.0,  0.144% , 
417, ,417.0, Swirlix            ,  0.00178% ,390.0,  0.010% ,336.0,  0.011% , 
418, ,418.0, Gorebyss           ,  0.00178% ,1607.0,  0.042% ,1148.0,  0.039% , 
419, ,419.0, Rotom-Frost        ,  0.00175% ,2723.0,  0.071% ,2024.0,  0.069% , 
420, ,420.0, Ariados            ,  0.00174% ,3273.0,  0.085% ,2849.0,  0.097% , 
421, ,421.0, Gallade            ,  0.00165% ,7061.0,  0.183% ,4982.0,  0.170% , 
422, ,422.0, Swadloon           ,  0.00164% ,347.0,  0.009% ,289.0,  0.010% , 
423, ,423.0, Kadabra            ,  0.00163% ,539.0,  0.014% ,380.0,  0.013% , 
424, ,424.0, Walrein            ,  0.00163% ,3587.0,  0.093% ,2723.0,  0.093% , 
425, ,425.0, Jumpluff           ,  0.00161% ,3244.0,  0.084% ,2346.0,  0.080% , 
426, ,426.0, Marowak-Alola-Totem ,  0.00160% ,527.0,  0.014% ,372.0,  0.013% , 
427, ,427.0, Weedle             ,  0.00160% ,145.0,  0.004% ,113.0,  0.004% , 
428, ,428.0, Emolga             ,  0.00153% ,2518.0,  0.065% ,1915.0,  0.065% , 
429, ,429.0, Cottonee           ,  0.00149% ,2477.0,  0.064% ,1709.0,  0.058% , 
430, ,430.0, Silvally-Fairy     ,  0.00148% ,952.0,  0.025% ,676.0,  0.023% , 
431, ,431.0, Castform           ,  0.00144% ,1282.0,  0.033% ,903.0,  0.031% , 
432, ,432.0, Unfezant           ,  0.00143% ,1870.0,  0.048% ,1396.0,  0.048% , 
433, ,433.0, Dragonair          ,  0.00143% ,1120.0,  0.029% ,818.0,  0.028% , 
434, ,434.0, Floatzel           ,  0.00137% ,6036.0,  0.156% ,4414.0,  0.150% , 
435, ,435.0, Huntail            ,  0.00133% ,816.0,  0.021% ,579.0,  0.020% , 
436, ,436.0, Absol              ,  0.00133% ,4384.0,  0.114% ,3127.0,  0.106% , 
437, ,437.0, Combusken          ,  0.00131% ,1786.0,  0.046% ,1343.0,  0.046% , 
438, ,438.0, Houndoom           ,  0.00129% ,5214.0,  0.135% ,3537.0,  0.120% , 
439, ,439.0, Zebstrika          ,  0.00129% ,2722.0,  0.071% ,1973.0,  0.067% , 
440, ,440.0, Surskit            ,  0.00127% ,78.0,  0.002% ,63.0,  0.002% , 
441, ,441.0, Zorua              ,  0.00124% ,142.0,  0.004% ,64.0,  0.002% , 
442, ,442.0, Altaria            ,  0.00119% ,2422.0,  0.063% ,1650.0,  0.056% , 
443, ,443.0, Vespiquen          ,  0.00119% ,2333.0,  0.060% ,1544.0,  0.053% , 
444, ,444.0, Braixen            ,  0.00117% ,1801.0,  0.047% ,1361.0,  0.046% , 
445, ,445.0, Armaldo            ,  0.00116% ,4892.0,  0.127% ,3672.0,  0.125% , 
446, ,446.0, Vikavolt-Totem     ,  0.00112% ,215.0,  0.006% ,146.0,  0.005% , 
447, ,447.0, Clawitzer          ,  0.00111% ,5064.0,  0.131% ,3584.0,  0.122% , 
448, ,448.0, Vigoroth           ,  0.00109% ,583.0,  0.015% ,379.0,  0.013% , 
449, ,449.0, Onix               ,  0.00108% ,819.0,  0.021% ,671.0,  0.023% , 
450, ,450.0, Bibarel            ,  0.00107% ,2641.0,  0.068% ,1949.0,  0.066% , 
451, ,451.0, Mr. Mime           ,  0.00106% ,2896.0,  0.075% ,2099.0,  0.071% , 
452, ,452.0, Passimian          ,  0.00101% ,2151.0,  0.056% ,1535.0,  0.052% , 
453, ,453.0, Silvally-Ground    ,  0.00101% ,982.0,  0.025% ,795.0,  0.027% , 
454, ,454.0, Trubbish           ,  0.00099% ,154.0,  0.004% ,143.0,  0.005% , 
455, ,455.0, Raticate           ,  0.00098% ,2461.0,  0.064% ,1728.0,  0.059% , 
456, ,456.0, Solrock            ,  0.00098% ,715.0,  0.019% ,551.0,  0.019% , 
457, ,457.0, Garbodor           ,  0.00098% ,2416.0,  0.063% ,1911.0,  0.065% , 
458, ,458.0, Grumpig            ,  0.00096% ,879.0,  0.023% ,600.0,  0.020% , 
459, ,459.0, Regigigas          ,  0.00093% ,2961.0,  0.077% ,2239.0,  0.076% , 
460, ,460.0, Delibird           ,  0.00092% ,698.0,  0.018% ,560.0,  0.019% , 
461, ,461.0, Turtonator         ,  0.00092% ,5045.0,  0.131% ,3763.0,  0.128% , 
462, ,462.0, Samurott           ,  0.00091% ,5403.0,  0.140% ,4069.0,  0.139% , 
463, ,463.0, Gothitelle         ,  0.00086% ,1849.0,  0.048% ,1216.0,  0.041% , 
464, ,464.0, Gourgeist-Large    ,  0.00085% ,261.0,  0.007% ,191.0,  0.007% , 
465, ,465.0, Bastiodon          ,  0.00085% ,3871.0,  0.100% ,3160.0,  0.108% , 
466, ,466.0, Pyroar             ,  0.00084% ,3692.0,  0.096% ,2597.0,  0.088% , 
467, ,467.0, Skiploom           ,  0.00083% ,90.0,  0.002% ,76.0,  0.003% , 
468, ,468.0, Musharna           ,  0.00081% ,1818.0,  0.047% ,1234.0,  0.042% , 
469, ,469.0, Abomasnow          ,  0.00081% ,2595.0,  0.067% ,1991.0,  0.068% , 
470, ,470.0, Throh              ,  0.00080% ,1274.0,  0.033% ,958.0,  0.033% , 
471, ,471.0, Rotom-Fan          ,  0.00079% ,1236.0,  0.032% ,1011.0,  0.034% , 
472, ,472.0, Dewpider           ,  0.00078% ,120.0,  0.003% ,111.0,  0.004% , 
473, ,473.0, Lickitung          ,  0.00076% ,260.0,  0.007% ,194.0,  0.007% , 
474, ,474.0, Rotom              ,  0.00075% ,2652.0,  0.069% ,2031.0,  0.069% , 
475, ,475.0, Rattata            ,  0.00075% ,3212.0,  0.083% ,2353.0,  0.080% , 
476, ,476.0, Gumshoos           ,  0.00071% ,980.0,  0.025% ,693.0,  0.024% , 
477, ,477.0, Magnemite          ,  0.00069% ,2627.0,  0.068% ,1667.0,  0.057% , 
478, ,478.0, Pikachu-Original   ,  0.00068% ,245.0,  0.006% ,181.0,  0.006% , 
479, ,479.0, Oricorio           ,  0.00068% ,1084.0,  0.028% ,754.0,  0.026% , 
480, ,480.0, Manectric          ,  0.00068% ,3868.0,  0.100% ,2866.0,  0.098% , 
481, ,481.0, Silvally-Water     ,  0.00066% ,636.0,  0.016% ,457.0,  0.016% , 
482, ,482.0, Oricorio-Pom-Pom   ,  0.00066% ,540.0,  0.014% ,368.0,  0.013% , 
483, ,483.0, Raticate-Alola     ,  0.00065% ,1478.0,  0.038% ,1121.0,  0.038% , 
484, ,484.0, Silvally-Poison    ,  0.00064% ,434.0,  0.011% ,295.0,  0.010% , 
485, ,485.0, Lillipup           ,  0.00064% ,18.0,  0.000% ,11.0,  0.000% , 
486, ,486.0, Poochyena          ,  0.00063% ,28.0,  0.001% ,25.0,  0.001% , 
487, ,487.0, Bidoof             ,  0.00061% ,423.0,  0.011% ,292.0,  0.010% , 
488, ,488.0, Wormadam-Trash     ,  0.00061% ,402.0,  0.010% ,343.0,  0.012% , 
489, ,489.0, Fearow             ,  0.00058% ,1011.0,  0.026% ,724.0,  0.025% , 
490, ,490.0, Golduck            ,  0.00058% ,3180.0,  0.082% ,2208.0,  0.075% , 
491, ,491.0, Hippopotas         ,  0.00057% ,323.0,  0.008% ,253.0,  0.009% , 
492, ,492.0, Prinplup           ,  0.00055% ,85.0,  0.002% ,74.0,  0.003% , 
493, ,493.0, Furret             ,  0.00054% ,1147.0,  0.030% ,913.0,  0.031% , 
494, ,494.0, Noctowl            ,  0.00052% ,2494.0,  0.065% ,1785.0,  0.061% , 
495, ,495.0, Numel              ,  0.00052% ,212.0,  0.005% ,157.0,  0.005% , 
496, ,496.0, Metang             ,  0.00050% ,215.0,  0.006% ,161.0,  0.005% , 
497, ,497.0, Pinsir             ,  0.00049% ,1054.0,  0.027% ,774.0,  0.026% , 
498, ,498.0, Solosis            ,  0.00049% ,551.0,  0.014% ,319.0,  0.011% , 
499, ,499.0, Furfrou            ,  0.00049% ,1917.0,  0.050% ,1302.0,  0.044% , 
500, ,500.0, Poliwag            ,  0.00048% ,90.0,  0.002% ,77.0,  0.003% , 
501, ,501.0, Dustox             ,  0.00048% ,670.0,  0.017% ,467.0,  0.016% , 
502, ,502.0, Rapidash           ,  0.00048% ,3939.0,  0.102% ,2908.0,  0.099% , 
503, ,503.0, Munchlax           ,  0.00048% ,566.0,  0.015% ,422.0,  0.014% , 
504, ,504.0, Silvally-Fire      ,  0.00047% ,1199.0,  0.031% ,839.0,  0.029% , 
505, ,505.0, Nosepass           ,  0.00044% ,2940.0,  0.076% ,2247.0,  0.077% , 
506, ,506.0, Spinda             ,  0.00043% ,1665.0,  0.043% ,1251.0,  0.043% , 
507, ,507.0, Delcatty           ,  0.00042% ,1235.0,  0.032% ,810.0,  0.028% , 
508, ,508.0, Sunflora           ,  0.00042% ,700.0,  0.018% ,498.0,  0.017% , 
509, ,509.0, Kommo-o-Totem      ,  0.00041% ,648.0,  0.017% ,444.0,  0.015% , 
510, ,510.0, Pachirisu          ,  0.00041% ,1680.0,  0.044% ,1290.0,  0.044% , 
511, ,511.0, Sliggoo            ,  0.00039% ,210.0,  0.005% ,161.0,  0.005% , 
512, ,512.0, Krabby             ,  0.00039% ,78.0,  0.002% ,55.0,  0.002% , 
513, ,513.0, Octillery          ,  0.00039% ,1316.0,  0.034% ,991.0,  0.034% , 
514, ,514.0, Luvdisc            ,  0.00039% ,487.0,  0.013% ,281.0,  0.010% , 
515, ,515.0, Nincada            ,  0.00037% ,91.0,  0.002% ,65.0,  0.002% , 
516, ,516.0, Unown              ,  0.00037% ,184.0,  0.005% ,135.0,  0.005% , 
517, ,517.0, Heatmor            ,  0.00035% ,1685.0,  0.044% ,1224.0,  0.042% , 
518, ,518.0, Piloswine          ,  0.00035% ,1870.0,  0.048% ,1585.0,  0.054% , 
519, ,519.0, Pineco             ,  0.00034% ,2015.0,  0.052% ,1531.0,  0.052% , 
520, ,520.0, Camerupt           ,  0.00034% ,1758.0,  0.046% ,1379.0,  0.047% , 
521, ,521.0, Swanna             ,  0.00034% ,1276.0,  0.033% ,931.0,  0.032% , 
522, ,522.0, Shelgon            ,  0.00033% ,411.0,  0.011% ,312.0,  0.011% , 
523, ,523.0, Hypno              ,  0.00033% ,1468.0,  0.038% ,1121.0,  0.038% , 
524, ,524.0, Simipour           ,  0.00032% ,730.0,  0.019% ,537.0,  0.018% , 
525, ,525.0, Maractus           ,  0.00032% ,921.0,  0.024% ,680.0,  0.023% , 
526, ,526.0, Purugly            ,  0.00030% ,1545.0,  0.040% ,1130.0,  0.038% , 
527, ,527.0, Poipole            ,  0.00030% ,656.0,  0.017% ,452.0,  0.015% , 
528, ,528.0, Muk                ,  0.00029% ,2286.0,  0.059% ,1684.0,  0.057% , 
529, ,529.0, Duosion            ,  0.00029% ,265.0,  0.007% ,189.0,  0.006% , 
530, ,530.0, Wailmer            ,  0.00028% ,183.0,  0.005% ,134.0,  0.005% , 
531, ,531.0, Kangaskhan         ,  0.00028% ,2048.0,  0.053% ,1471.0,  0.050% , 
532, ,532.0, Marshtomp          ,  0.00026% ,368.0,  0.010% ,297.0,  0.010% , 
533, ,533.0, Relicanth          ,  0.00026% ,1216.0,  0.032% ,880.0,  0.030% , 
534, ,534.0, Ampharos           ,  0.00025% ,4659.0,  0.121% ,3292.0,  0.112% , 
535, ,535.0, Beheeyem           ,  0.00025% ,1579.0,  0.041% ,1075.0,  0.037% , 
536, ,536.0, Gourgeist          ,  0.00025% ,855.0,  0.022% ,643.0,  0.022% , 
537, ,537.0, Phantump           ,  0.00025% ,133.0,  0.003% ,94.0,  0.003% , 
538, ,538.0, Taillow            ,  0.00025% ,1584.0,  0.041% ,995.0,  0.034% , 
539, ,539.0, Girafarig          ,  0.00023% ,741.0,  0.019% ,515.0,  0.018% , 
540, ,540.0, Simisear           ,  0.00023% ,786.0,  0.020% ,600.0,  0.020% , 
541, ,541.0, Swinub             ,  0.00023% ,234.0,  0.006% ,199.0,  0.007% , 
542, ,542.0, Misdreavus         ,  0.00023% ,991.0,  0.026% ,730.0,  0.025% , 
543, ,543.0, Basculin           ,  0.00022% ,1145.0,  0.030% ,823.0,  0.028% , 
544, ,544.0, Squirtle           ,  0.00022% ,722.0,  0.019% ,557.0,  0.019% , 
545, ,545.0, Haunter            ,  0.00021% ,1510.0,  0.039% ,1109.0,  0.038% , 
546, ,546.0, Stantler           ,  0.00021% ,419.0,  0.011% ,322.0,  0.011% , 
547, ,547.0, Parasect           ,  0.00020% ,2111.0,  0.055% ,1516.0,  0.052% , 
548, ,548.0, Floette            ,  0.00020% ,121.0,  0.003% ,89.0,  0.003% , 
549, ,549.0, Abra               ,  0.00019% ,268.0,  0.007% ,171.0,  0.006% , 
550, ,550.0, Gurdurr            ,  0.00018% ,482.0,  0.012% ,329.0,  0.011% , 
551, ,551.0, Salazzle-Totem     ,  0.00018% ,1082.0,  0.028% ,820.0,  0.028% , 
552, ,552.0, Mightyena          ,  0.00017% ,2371.0,  0.061% ,1623.0,  0.055% , 
553, ,553.0, Marill             ,  0.00017% ,197.0,  0.005% ,147.0,  0.005% , 
554, ,554.0, Bunnelby           ,  0.00016% ,129.0,  0.003% ,97.0,  0.003% , 
555, ,555.0, Pidgeot            ,  0.00016% ,2126.0,  0.055% ,1556.0,  0.053% , 
556, ,556.0, Ponyta             ,  0.00015% ,81.0,  0.002% ,61.0,  0.002% , 
557, ,557.0, Simisage           ,  0.00014% ,754.0,  0.020% ,528.0,  0.018% , 
558, ,558.0, Cleffa             ,  0.00014% ,333.0,  0.009% ,128.0,  0.004% , 
559, ,559.0, Minun              ,  0.00014% ,481.0,  0.012% ,369.0,  0.013% , 
560, ,560.0, Dewgong            ,  0.00013% ,1233.0,  0.032% ,896.0,  0.031% , 
561, ,561.0, Gourgeist-Small    ,  0.00012% ,271.0,  0.007% ,198.0,  0.007% , 
562, ,562.0, Seedot             ,  0.00012% ,27.0,  0.001% ,20.0,  0.001% , 
563, ,563.0, Oricorio-Sensu     ,  0.00012% ,936.0,  0.024% ,592.0,  0.020% , 
564, ,564.0, Drilbur            ,  0.00011% ,40.0,  0.001% ,24.0,  0.001% , 
565, ,565.0, Weepinbell         ,  0.00011% ,102.0,  0.003% ,62.0,  0.002% , 
566, ,566.0, Ivysaur            ,  0.00010% ,693.0,  0.018% ,467.0,  0.016% , 
567, ,567.0, Silvally-Dragon    ,  0.00010% ,559.0,  0.014% ,448.0,  0.015% , 
568, ,568.0, Salandit           ,  0.00010% ,131.0,  0.003% ,110.0,  0.004% , 
569, ,569.0, Silvally-Dark      ,  0.00010% ,510.0,  0.013% ,327.0,  0.011% , 
570, ,570.0, Graveler-Alola     ,  0.00010% ,234.0,  0.006% ,190.0,  0.006% , 
571, ,571.0, Ferroseed          ,  0.00009% ,678.0,  0.018% ,553.0,  0.019% , 
572, ,572.0, Sunkern            ,  0.00009% ,88.0,  0.002% ,56.0,  0.002% , 
573, ,573.0, Pikachu-Alola      ,  0.00009% ,250.0,  0.006% ,167.0,  0.006% , 
574, ,574.0, Grotle             ,  0.00009% ,158.0,  0.004% ,125.0,  0.004% , 
575, ,575.0, Riolu              ,  0.00008% ,651.0,  0.017% ,485.0,  0.017% , 
576, ,576.0, Graveler           ,  0.00008% ,535.0,  0.014% ,432.0,  0.015% , 
577, ,577.0, Clefairy           ,  0.00008% ,944.0,  0.024% ,661.0,  0.023% , 
578, ,578.0, Lumineon           ,  0.00008% ,505.0,  0.013% ,399.0,  0.014% , 
579, ,579.0, Whirlipede         ,  0.00008% ,615.0,  0.016% ,498.0,  0.017% , 
580, ,580.0, Ribombee-Totem     ,  0.00008% ,28.0,  0.001% ,15.0,  0.001% , 
581, ,581.0, Sentret            ,  0.00007% ,46.0,  0.001% ,34.0,  0.001% , 
582, ,582.0, Electabuzz         ,  0.00007% ,726.0,  0.019% ,529.0,  0.018% , 
583, ,583.0, Timburr            ,  0.00007% ,32.0,  0.001% ,24.0,  0.001% , 
584, ,584.0, Morelull           ,  0.00007% ,64.0,  0.002% ,55.0,  0.002% , 
585, ,585.0, Zweilous           ,  0.00007% ,198.0,  0.005% ,128.0,  0.004% , 
586, ,586.0, Beedrill           ,  0.00007% ,886.0,  0.023% ,641.0,  0.022% , 
587, ,587.0, Happiny            ,  0.00007% ,58.0,  0.002% ,35.0,  0.001% , 
588, ,588.0, Cherrim            ,  0.00007% ,420.0,  0.011% ,277.0,  0.009% , 
589, ,589.0, Krokorok           ,  0.00006% ,76.0,  0.002% ,61.0,  0.002% , 
590, ,590.0, Rattata-Alola      ,  0.00006% ,544.0,  0.014% ,338.0,  0.012% , 
591, ,591.0, Shellos            ,  0.00006% ,84.0,  0.002% ,65.0,  0.002% , 
592, ,592.0, Grovyle            ,  0.00006% ,187.0,  0.005% ,137.0,  0.005% , 
593, ,593.0, Persian            ,  0.00006% ,2427.0,  0.063% ,1864.0,  0.063% , 
594, ,594.0, Rhyhorn            ,  0.00006% ,56.0,  0.001% ,45.0,  0.002% , 
595, ,595.0, Goomy              ,  0.00006% ,41.0,  0.001% ,34.0,  0.001% , 
596, ,596.0, Wynaut             ,  0.00006% ,159.0,  0.004% ,116.0,  0.004% , 
597, ,597.0, Mothim             ,  0.00006% ,447.0,  0.012% ,276.0,  0.009% , 
598, ,598.0, Doduo              ,  0.00006% ,192.0,  0.005% ,103.0,  0.004% , 
599, ,599.0, Slowpoke           ,  0.00006% ,79.0,  0.002% ,60.0,  0.002% , 
600, ,600.0, Mudkip             ,  0.00005% ,131.0,  0.003% ,99.0,  0.003% , 
601, ,601.0, Silvally-Fighting  ,  0.00005% ,272.0,  0.007% ,202.0,  0.007% , 
602, ,602.0, Charmander         ,  0.00005% ,257.0,  0.007% ,214.0,  0.007% , 
603, ,603.0, Vulpix-Alola       ,  0.00005% ,110.0,  0.003% ,87.0,  0.003% , 
604, ,604.0, Carnivine          ,  0.00005% ,681.0,  0.018% ,480.0,  0.016% , 
605, ,605.0, Larvitar           ,  0.00005% ,119.0,  0.003% ,84.0,  0.003% , 
606, ,606.0, Beautifly          ,  0.00005% ,912.0,  0.024% ,679.0,  0.023% , 
607, ,607.0, Buneary            ,  0.00004% ,185.0,  0.005% ,115.0,  0.004% , 
608, ,608.0, Spoink             ,  0.00004% ,24.0,  0.001% ,20.0,  0.001% , 
609, ,609.0, Mareanie           ,  0.00004% ,121.0,  0.003% ,89.0,  0.003% , 
610, ,610.0, Staravia           ,  0.00004% ,113.0,  0.003% ,77.0,  0.003% , 
611, ,611.0, Frogadier          ,  0.00004% ,315.0,  0.008% ,253.0,  0.009% , 
612, ,612.0, Monferno           ,  0.00004% ,251.0,  0.007% ,206.0,  0.007% , 
613, ,613.0, Magikarp           ,  0.00004% ,648.0,  0.017% ,491.0,  0.017% , 
614, ,614.0, Meowth             ,  0.00003% ,359.0,  0.009% ,253.0,  0.009% , 
615, ,615.0, Glalie             ,  0.00003% ,648.0,  0.017% ,473.0,  0.016% , 
616, ,616.0, Eelektrik          ,  0.00003% ,171.0,  0.004% ,128.0,  0.004% , 
617, ,617.0, Mankey             ,  0.00003% ,82.0,  0.002% ,50.0,  0.002% , 
618, ,618.0, Dratini            ,  0.00003% ,36.0,  0.001% ,29.0,  0.001% , 
619, ,619.0, Nuzleaf            ,  0.00003% ,29.0,  0.001% ,21.0,  0.001% , 
620, ,620.0, Bounsweet          ,  0.00003% ,28.0,  0.001% ,18.0,  0.001% , 
621, ,621.0, Brionne            ,  0.00003% ,37.0,  0.001% ,30.0,  0.001% , 
622, ,622.0, Torracat           ,  0.00003% ,321.0,  0.008% ,254.0,  0.009% , 
623, ,623.0, Banette            ,  0.00002% ,910.0,  0.024% ,655.0,  0.022% , 
624, ,624.0, Mantyke            ,  0.00002% ,242.0,  0.006% ,145.0,  0.005% , 
625, ,625.0, Diglett            ,  0.00002% ,156.0,  0.004% ,126.0,  0.004% , 
626, ,626.0, Lairon             ,  0.00002% ,424.0,  0.011% ,331.0,  0.011% , 
627, ,627.0, Silvally-Psychic   ,  0.00002% ,118.0,  0.003% ,80.0,  0.003% , 
628, ,628.0, Gastly             ,  0.00002% ,427.0,  0.011% ,322.0,  0.011% , 
629, ,629.0, Buizel             ,  0.00002% ,237.0,  0.006% ,169.0,  0.006% , 
630, ,630.0, Gabite             ,  0.00002% ,176.0,  0.005% ,120.0,  0.004% , 
631, ,631.0, Lunatone           ,  0.00002% ,792.0,  0.021% ,543.0,  0.018% , 
632, ,632.0, Pichu              ,  0.00002% ,203.0,  0.005% ,153.0,  0.005% , 
633, ,633.0, Silvally-Electric  ,  0.00002% ,646.0,  0.017% ,474.0,  0.016% , 
634, ,634.0, Wooper             ,  0.00002% ,147.0,  0.004% ,107.0,  0.004% , 
635, ,635.0, Bellsprout         ,  0.00002% ,98.0,  0.003% ,89.0,  0.003% , 
636, ,636.0, Charjabug          ,  0.00002% ,221.0,  0.006% ,147.0,  0.005% , 
637, ,637.0, Swalot             ,  0.00002% ,966.0,  0.025% ,656.0,  0.022% , 
638, ,638.0, Bagon              ,  0.00002% ,48.0,  0.001% ,44.0,  0.001% , 
639, ,639.0, Meditite           ,  0.00002% ,172.0,  0.004% ,120.0,  0.004% , 
640, ,640.0, Mudbray            ,  0.00002% ,84.0,  0.002% ,65.0,  0.002% , 
641, ,641.0, Lileep             ,  0.00002% ,241.0,  0.006% ,186.0,  0.006% , 
642, ,642.0, Charmeleon         ,  0.00002% ,209.0,  0.005% ,151.0,  0.005% , 
643, ,643.0, Drifloon           ,  0.00002% ,142.0,  0.004% ,111.0,  0.004% , 
644, ,644.0, Zigzagoon          ,  0.00002% ,114.0,  0.003% ,89.0,  0.003% , 
645, ,645.0, Kakuna             ,  0.00002% ,125.0,  0.003% ,96.0,  0.003% , 
646, ,646.0, Phione             ,  0.00002% ,104.0,  0.003% ,73.0,  0.002% , 
647, ,647.0, Natu               ,  0.00002% ,401.0,  0.010% ,265.0,  0.009% , 
648, ,648.0, Roselia            ,  0.00002% ,470.0,  0.012% ,341.0,  0.012% , 
649, ,649.0, Totodile           ,  0.00002% ,203.0,  0.005% ,140.0,  0.005% , 
650, ,650.0, Pawniard           ,  0.00002% ,102.0,  0.003% ,81.0,  0.003% , 
651, ,651.0, Meowth-Alola       ,  0.00001% ,72.0,  0.002% ,60.0,  0.002% , 
652, ,652.0, Sandshrew          ,  0.00001% ,112.0,  0.003% ,84.0,  0.003% , 
653, ,653.0, Klang              ,  0.00001% ,149.0,  0.004% ,104.0,  0.004% , 
654, ,654.0, Piplup             ,  0.00001% ,211.0,  0.005% ,183.0,  0.006% , 
655, ,655.0, Treecko            ,  0.00001% ,302.0,  0.008% ,198.0,  0.007% , 
656, ,656.0, Watchog            ,  0.00001% ,423.0,  0.011% ,280.0,  0.010% , 
657, ,657.0, Silvally-Ice       ,  0.00001% ,486.0,  0.013% ,316.0,  0.011% , 
658, ,658.0, Sandygast          ,  0.00001% ,44.0,  0.001% ,28.0,  0.001% , 
659, ,659.0, Poliwhirl          ,  0.00001% ,286.0,  0.007% ,191.0,  0.007% , 
660, ,660.0, Zubat              ,  0.00001% ,137.0,  0.004% ,108.0,  0.004% , 
661, ,661.0, Plusle             ,  0.00001% ,587.0,  0.015% ,427.0,  0.015% , 
662, ,662.0, Koffing            ,  0.00001% ,173.0,  0.004% ,151.0,  0.005% , 
663, ,663.0, Yanma              ,  0.00001% ,105.0,  0.003% ,82.0,  0.003% , 
664, ,664.0, Porygon            ,  0.00001% ,292.0,  0.008% ,230.0,  0.008% , 
665, ,665.0, Feebas             ,  0.00001% ,80.0,  0.002% ,55.0,  0.002% , 
666, ,666.0, Foongus            ,  0.00001% ,35.0,  0.001% ,30.0,  0.001% , 
667, ,667.0, Oshawott           ,  0.00001% ,97.0,  0.003% ,80.0,  0.003% , 
668, ,668.0, Pupitar            ,  0.00001% ,173.0,  0.004% ,132.0,  0.004% , 
669, ,669.0, Crabrawler         ,  0.00001% ,57.0,  0.001% ,44.0,  0.001% , 
670, ,670.0, Bulbasaur          ,  0.00001% ,669.0,  0.017% ,491.0,  0.017% , 
671, ,671.0, Bronzor            ,  0.00001% ,163.0,  0.004% ,143.0,  0.005% , 
672, ,672.0, Bergmite           ,  0.00001% ,52.0,  0.001% ,42.0,  0.001% , 
673, ,673.0, Roggenrola         ,  0.00001% ,26.0,  0.001% ,18.0,  0.001% , 
674, ,674.0, Teddiursa          ,  0.00001% ,66.0,  0.002% ,51.0,  0.002% , 
675, ,675.0, Oricorio-Pa'u      ,  0.00001% ,101.0,  0.003% ,76.0,  0.003% , 
676, ,676.0, Helioptile         ,  0.00001% ,16.0,  0.000% ,9.0,  0.000% , 
677, ,677.0, Starly             ,  0.00001% ,414.0,  0.011% ,292.0,  0.010% , 
678, ,678.0, Machoke            ,  0.00001% ,512.0,  0.013% ,347.0,  0.012% , 
679, ,679.0, Combee             ,  0.00001% ,128.0,  0.003% ,110.0,  0.004% , 
680, ,680.0, Silvally-Rock      ,  0.00001% ,79.0,  0.002% ,60.0,  0.002% , 
681, ,681.0, Inkay              ,  0.00001% ,91.0,  0.002% ,83.0,  0.003% , 
682, ,682.0, Lombre             ,  0.00001% ,109.0,  0.003% ,76.0,  0.003% , 
683, ,683.0, Exeggcute          ,  0.00001% ,22.0,  0.001% ,18.0,  0.001% , 
684, ,684.0, Pumpkaboo-Super    ,  0.00001% ,77.0,  0.002% ,61.0,  0.002% , 
685, ,685.0, Axew               ,  0.00001% ,55.0,  0.001% ,40.0,  0.001% , 
686, ,686.0, Loudred            ,  0.00001% ,58.0,  0.002% ,34.0,  0.001% , 
687, ,687.0, Chimchar           ,  0.00001% ,89.0,  0.002% ,85.0,  0.003% , 
688, ,688.0, Azurill            ,  0.00001% ,47.0,  0.001% ,34.0,  0.001% , 
689, ,689.0, Fraxure            ,  0.00001% ,107.0,  0.003% ,71.0,  0.002% , 
690, ,690.0, Geodude            ,  0.00001% ,238.0,  0.006% ,207.0,  0.007% , 
691, ,691.0, Bonsly             ,  0.00001% ,111.0,  0.003% ,89.0,  0.003% , 
692, ,692.0, Baltoy             ,  0.00001% ,23.0,  0.001% ,19.0,  0.001% , 
693, ,693.0, Magby              ,  0.00001% ,84.0,  0.002% ,68.0,  0.002% , 
694, ,694.0, Beldum             ,  0.00001% ,33.0,  0.001% ,25.0,  0.001% , 
695, ,695.0, Pignite            ,  0.00001% ,195.0,  0.005% ,143.0,  0.005% , 
696, ,696.0, Caterpie           ,  0.00001% ,234.0,  0.006% ,194.0,  0.007% , 
697, ,697.0, Torchic            ,  0.00001% ,103.0,  0.003% ,83.0,  0.003% , 
698, ,698.0, Dartrix            ,  0.00001% ,265.0,  0.007% ,197.0,  0.007% , 
699, ,699.0, Sandshrew-Alola    ,  0.00000% ,56.0,  0.001% ,47.0,  0.002% , 
700, ,700.0, Servine            ,  0.00000% ,380.0,  0.010% ,297.0,  0.010% , 
701, ,701.0, Togepi             ,  0.00000% ,85.0,  0.002% ,57.0,  0.002% , 
702, ,702.0, Elekid             ,  0.00000% ,108.0,  0.003% ,74.0,  0.003% , 
703, ,703.0, Geodude-Alola      ,  0.00000% ,72.0,  0.002% ,59.0,  0.002% , 
704, ,704.0, Trumbeak           ,  0.00000% ,70.0,  0.002% ,55.0,  0.002% , 
705, ,705.0, Budew              ,  0.00000% ,34.0,  0.001% ,25.0,  0.001% , 
706, ,706.0, Gible              ,  0.00000% ,110.0,  0.003% ,83.0,  0.003% , 
707, ,707.0, Phanpy             ,  0.00000% ,55.0,  0.001% ,39.0,  0.001% , 
708, ,708.0, Corphish           ,  0.00000% ,177.0,  0.005% ,135.0,  0.005% , 
709, ,709.0, Litten             ,  0.00000% ,142.0,  0.004% ,102.0,  0.003% , 
710, ,710.0, Pikachu-Kalos      ,  0.00000% ,266.0,  0.007% ,195.0,  0.007% , 
711, ,711.0, Tympole            ,  0.00000% ,9.0,  0.000% ,9.0,  0.000% , 
712, ,712.0, Seadra             ,  0.00000% ,171.0,  0.004% ,137.0,  0.005% , 
713, ,713.0, Turtwig            ,  0.00000% ,87.0,  0.002% ,76.0,  0.003% , 
714, ,714.0, Yamask             ,  0.00000% ,337.0,  0.009% ,253.0,  0.009% , 
715, ,715.0, Seel               ,  0.00000% ,61.0,  0.002% ,49.0,  0.002% , 
716, ,716.0, Palpitoad          ,  0.00000% ,200.0,  0.005% ,177.0,  0.006% , 
717, ,717.0, Ralts              ,  0.00000% ,115.0,  0.003% ,75.0,  0.003% , 
718, ,718.0, Rockruff           ,  0.00000% ,110.0,  0.003% ,75.0,  0.003% , 
719, ,719.0, Mime Jr.           ,  0.00000% ,86.0,  0.002% ,65.0,  0.002% , 
720, ,720.0, Spinarak           ,  0.00000% ,48.0,  0.001% ,39.0,  0.001% , 
721, ,721.0, Croconaw           ,  0.00000% ,184.0,  0.005% ,123.0,  0.004% , 
722, ,722.0, Cubchoo            ,  0.00000% ,19.0,  0.000% ,11.0,  0.000% , 
723, ,723.0, Pancham            ,  0.00000% ,64.0,  0.002% ,48.0,  0.002% , 
724, ,724.0, Nidorino           ,  0.00000% ,154.0,  0.004% ,114.0,  0.004% , 
725, ,725.0, Pikachu-Sinnoh     ,  0.00000% ,120.0,  0.003% ,77.0,  0.003% , 
726, ,726.0, Snivy              ,  0.00000% ,95.0,  0.002% ,76.0,  0.003% , 
727, ,727.0, Archen             ,  0.00000% ,86.0,  0.002% ,49.0,  0.002% , 
728, ,728.0, Silvally-Bug       ,  0.00000% ,144.0,  0.004% ,106.0,  0.004% , 
729, ,729.0, Honedge            ,  0.00000% ,67.0,  0.002% ,53.0,  0.002% , 
730, ,730.0, Fletchinder        ,  0.00000% ,103.0,  0.003% ,72.0,  0.002% , 
731, ,731.0, Deerling           ,  0.00000% ,20.0,  0.001% ,15.0,  0.001% , 
732, ,732.0, Remoraid           ,  0.00000% ,88.0,  0.002% ,64.0,  0.002% , 
733, ,733.0, Vulpix             ,  0.00000% ,191.0,  0.005% ,161.0,  0.005% , 
734, ,734.0, Golett             ,  0.00000% ,20.0,  0.001% ,15.0,  0.001% , 
735, ,735.0, Gothorita          ,  0.00000% ,82.0,  0.002% ,59.0,  0.002% , 
736, ,736.0, Scraggy            ,  0.00000% ,142.0,  0.004% ,113.0,  0.004% , 
737, ,737.0, Hoppip             ,  0.00000% ,51.0,  0.001% ,44.0,  0.001% , 
738, ,738.0, Anorith            ,  0.00000% ,23.0,  0.001% ,21.0,  0.001% , 
739, ,739.0, Staryu             ,  0.00000% ,81.0,  0.002% ,62.0,  0.002% , 
740, ,740.0, Aipom              ,  0.00000% ,137.0,  0.004% ,99.0,  0.003% , 
741, ,741.0, Darumaka           ,  0.00000% ,47.0,  0.001% ,35.0,  0.001% , 
742, ,742.0, Karrablast         ,  0.00000% ,29.0,  0.001% ,22.0,  0.001% , 
743, ,743.0, Smoochum           ,  0.00000% ,89.0,  0.002% ,57.0,  0.002% , 
744, ,744.0, Munna              ,  0.00000% ,19.0,  0.000% ,16.0,  0.001% , 
745, ,745.0, Pikachu-Partner    ,  0.00000% ,178.0,  0.005% ,119.0,  0.004% , 
746, ,746.0, Trapinch           ,  0.00000% ,113.0,  0.003% ,81.0,  0.003% , 
747, ,747.0, Wormadam-Sandy     ,  0.00000% ,119.0,  0.003% ,92.0,  0.003% , 
748, ,748.0, Ducklett           ,  0.00000% ,54.0,  0.001% ,34.0,  0.001% , 
749, ,749.0, Cherubi            ,  0.00000% ,35.0,  0.001% ,21.0,  0.001% , 
750, ,750.0, Psyduck            ,  0.00000% ,137.0,  0.004% ,109.0,  0.004% , 
751, ,751.0, Hakamo-o           ,  0.00000% ,122.0,  0.003% ,90.0,  0.003% , 
752, ,752.0, Pidgey             ,  0.00000% ,131.0,  0.003% ,106.0,  0.004% , 
753, ,753.0, Houndour           ,  0.00000% ,45.0,  0.001% ,31.0,  0.001% , 
754, ,754.0, Metapod            ,  0.00000% ,230.0,  0.006% ,192.0,  0.007% , 
755, ,755.0, Tepig              ,  0.00000% ,58.0,  0.002% ,49.0,  0.002% , 
756, ,756.0, Cutiefly           ,  0.00000% ,56.0,  0.001% ,44.0,  0.001% , 
757, ,757.0, Machop             ,  0.00000% ,37.0,  0.001% ,32.0,  0.001% , 
758, ,758.0, Pidgeotto          ,  0.00000% ,122.0,  0.003% ,102.0,  0.003% , 
759, ,759.0, Snorunt            ,  0.00000% ,16.0,  0.000% ,12.0,  0.000% , 
760, ,760.0, Purrloin           ,  0.00000% ,75.0,  0.002% ,60.0,  0.002% , 
761, ,761.0, Vullaby            ,  0.00000% ,69.0,  0.002% ,53.0,  0.002% , 
762, ,762.0, Shieldon           ,  0.00000% ,52.0,  0.001% ,31.0,  0.001% , 
763, ,763.0, Snubbull           ,  0.00000% ,29.0,  0.001% ,22.0,  0.001% , 
764, ,764.0, Vibrava            ,  0.00000% ,23.0,  0.001% ,18.0,  0.001% , 
765, ,765.0, Gulpin             ,  0.00000% ,40.0,  0.001% ,30.0,  0.001% , 
766, ,766.0, Tyrunt             ,  0.00000% ,54.0,  0.001% ,37.0,  0.001% , 
767, ,767.0, Dwebble            ,  0.00000% ,120.0,  0.003% ,108.0,  0.004% , 
768, ,768.0, Deino              ,  0.00000% ,18.0,  0.000% ,14.0,  0.000% , 
769, ,769.0, Oddish             ,  0.00000% ,57.0,  0.001% ,53.0,  0.002% , 
770, ,770.0, Voltorb            ,  0.00000% ,100.0,  0.003% ,87.0,  0.003% , 
771, ,771.0, Chikorita          ,  0.00000% ,75.0,  0.002% ,54.0,  0.002% , 
772, ,772.0, Shellder           ,  0.00000% ,99.0,  0.003% ,75.0,  0.003% , 
773, ,773.0, Wurmple            ,  0.00000% ,41.0,  0.001% ,36.0,  0.001% , 
774, ,774.0, Espurr             ,  0.00000% ,30.0,  0.001% ,25.0,  0.001% , 
775, ,775.0, Silcoon            ,  0.00000% ,42.0,  0.001% ,26.0,  0.001% , 
776, ,776.0, Sewaddle           ,  0.00000% ,25.0,  0.001% ,22.0,  0.001% , 
777, ,777.0, Snover             ,  0.00000% ,85.0,  0.002% ,51.0,  0.002% , 
778, ,778.0, Luxio              ,  0.00000% ,49.0,  0.001% ,40.0,  0.001% , 
779, ,779.0, Scatterbug         ,  0.00000% ,10.0,  0.000% ,9.0,  0.000% , 
780, ,780.0, Popplio            ,  0.00000% ,81.0,  0.002% ,62.0,  0.002% , 
781, ,781.0, Sealeo             ,  0.00000% ,128.0,  0.003% ,90.0,  0.003% , 
782, ,782.0, Ekans              ,  0.00000% ,22.0,  0.001% ,17.0,  0.001% , 
783, ,783.0, Cascoon            ,  0.00000% ,40.0,  0.001% ,27.0,  0.001% , 
784, ,784.0, Quilava            ,  0.00000% ,171.0,  0.004% ,126.0,  0.004% , 
785, ,785.0, Venonat            ,  0.00000% ,54.0,  0.001% ,46.0,  0.002% , 
786, ,786.0, Gumshoos-Totem     ,  0.00000% ,41.0,  0.001% ,30.0,  0.001% , 
787, ,787.0, Cubone             ,  0.00000% ,63.0,  0.002% ,53.0,  0.002% , 
788, ,788.0, Shuppet            ,  0.00000% ,79.0,  0.002% ,68.0,  0.002% , 
789, ,789.0, Fennekin           ,  0.00000% ,48.0,  0.001% ,35.0,  0.001% , 
790, ,790.0, Mareep             ,  0.00000% ,35.0,  0.001% ,31.0,  0.001% , 
791, ,791.0, Growlithe          ,  0.00000% ,60.0,  0.002% ,42.0,  0.001% , 
792, ,792.0, Elgyem             ,  0.00000% ,29.0,  0.001% ,24.0,  0.001% , 
793, ,793.0, Litwick            ,  0.00000% ,184.0,  0.005% ,147.0,  0.005% , 
794, ,794.0, NidoranF           ,  0.00000% ,109.0,  0.003% ,79.0,  0.003% , 
795, ,795.0, Cyndaquil          ,  0.00000% ,84.0,  0.002% ,71.0,  0.002% , 
796, ,796.0, Chingling          ,  0.00000% ,56.0,  0.001% ,39.0,  0.001% , 
797, ,797.0, Tirtouga           ,  0.00000% ,29.0,  0.001% ,22.0,  0.001% , 
798, ,798.0, Amaura             ,  0.00000% ,53.0,  0.001% ,45.0,  0.002% , 
799, ,799.0, Jangmo-o           ,  0.00000% ,21.0,  0.001% ,19.0,  0.001% , 
800, ,800.0, Igglybuff          ,  0.00000% ,96.0,  0.002% ,78.0,  0.003% , 
801, ,801.0, Paras              ,  0.00000% ,40.0,  0.001% ,35.0,  0.001% , 
802, ,802.0, Pikachu-Hoenn      ,  0.00000% ,114.0,  0.003% ,85.0,  0.003% , 
803, ,803.0, Duskull            ,  0.00000% ,166.0,  0.004% ,122.0,  0.004% , 
804, ,804.0, Froakie            ,  0.00000% ,118.0,  0.003% ,80.0,  0.003% , 
805, ,805.0, Frillish           ,  0.00000% ,100.0,  0.003% ,77.0,  0.003% , 
806, ,806.0, Flabebe            ,  0.00000% ,262.0,  0.007% ,58.0,  0.002% , 
807, ,807.0, Swablu             ,  0.00000% ,50.0,  0.001% ,35.0,  0.001% , 
808, ,808.0, Cosmoem            ,  0.00000% ,131.0,  0.003% ,55.0,  0.002% , 
809, ,809.0, Cosmog             ,  0.00000% ,33.0,  0.001% ,21.0,  0.001% , 
810, ,810.0, Wormadam           ,  0.00000% ,66.0,  0.002% ,52.0,  0.002% , 
811, ,811.0, Rowlet             ,  0.00000% ,162.0,  0.004% ,127.0,  0.004% , 
812, ,812.0, Skrelp             ,  0.00000% ,40.0,  0.001% ,31.0,  0.001% , 
813, ,813.0, Tentacool          ,  0.00000% ,80.0,  0.002% ,68.0,  0.002% , 
814, ,814.0, Makuhita           ,  0.00000% ,34.0,  0.001% ,28.0,  0.001% , 
815, ,815.0, Spewpa             ,  0.00000% ,67.0,  0.002% ,40.0,  0.001% , 
816, ,816.0, Boldore            ,  0.00000% ,91.0,  0.002% ,75.0,  0.003% , 
817, ,817.0, Woobat             ,  0.00000% ,126.0,  0.003% ,99.0,  0.003% , 
818, ,818.0, Lurantis-Totem     ,  0.00000% ,45.0,  0.001% ,31.0,  0.001% , 
819, ,819.0, Kirlia             ,  0.00000% ,73.0,  0.002% ,65.0,  0.002% , 
820, ,820.0, Patrat             ,  0.00000% ,19.0,  0.000% ,16.0,  0.001% , 
821, ,821.0, Kricketot          ,  0.00000% ,61.0,  0.002% ,50.0,  0.002% , 
822, ,822.0, Venipede           ,  0.00000% ,58.0,  0.002% ,48.0,  0.002% , 
823, ,823.0, Barboach           ,  0.00000% ,8.0,  0.000% ,7.0,  0.000% , 
824, ,824.0, Goldeen            ,  0.00000% ,62.0,  0.002% ,41.0,  0.001% , 
825, ,825.0, Ledyba             ,  0.00000% ,22.0,  0.001% ,20.0,  0.001% , 
826, ,826.0, Pikachu-Unova      ,  0.00000% ,138.0,  0.004% ,113.0,  0.004% , 
827, ,827.0, Larvesta           ,  0.00000% ,64.0,  0.002% ,47.0,  0.002% , 
828, ,828.0, Pikipek            ,  0.00000% ,18.0,  0.000% ,10.0,  0.000% , 
829, ,829.0, Vanillite          ,  0.00000% ,39.0,  0.001% ,28.0,  0.001% , 
830, ,830.0, Hoothoot           ,  0.00000% ,13.0,  0.000% ,8.0,  0.000% , 
831, ,831.0, Tyrogue            ,  0.00000% ,76.0,  0.002% ,60.0,  0.002% , 
832, ,832.0, Fletchling         ,  0.00000% ,18.0,  0.000% ,13.0,  0.000% , 
833, ,833.0, Mienfoo            ,  0.00000% ,55.0,  0.001% ,39.0,  0.001% , 
834, ,834.0, Slakoth            ,  0.00000% ,17.0,  0.000% ,16.0,  0.001% , 
835, ,835.0, Lampent            ,  0.00000% ,140.0,  0.004% ,112.0,  0.004% , 
836, ,836.0, Binacle            ,  0.00000% ,39.0,  0.001% ,32.0,  0.001% , 
837, ,837.0, Skorupi            ,  0.00000% ,31.0,  0.001% ,21.0,  0.001% , 
838, ,838.0, Glameow            ,  0.00000% ,48.0,  0.001% ,38.0,  0.001% , 
839, ,839.0, Chinchou           ,  0.00000% ,20.0,  0.001% ,16.0,  0.001% , 
840, ,840.0, Wingull            ,  0.00000% ,44.0,  0.001% ,34.0,  0.001% , 
841, ,841.0, Raticate-Alola-Totem ,  0.00000% ,33.0,  0.001% ,26.0,  0.001% , 
842, ,842.0, Skiddo             ,  0.00000% ,71.0,  0.002% ,47.0,  0.002% , 
843, ,843.0, Skitty             ,  0.00000% ,55.0,  0.001% ,42.0,  0.001% , 
844, ,844.0, Flaaffy            ,  0.00000% ,46.0,  0.001% ,27.0,  0.001% , 
845, ,845.0, Petilil            ,  0.00000% ,8.0,  0.000% ,6.0,  0.000% , 
846, ,846.0, Shroomish          ,  0.00000% ,66.0,  0.002% ,49.0,  0.002% , 
847, ,847.0, Tranquill          ,  0.00000% ,34.0,  0.001% ,21.0,  0.001% , 
848, ,848.0, Omanyte            ,  0.00000% ,69.0,  0.002% ,57.0,  0.002% , 
849, ,849.0, Vanillish          ,  0.00000% ,21.0,  0.001% ,19.0,  0.001% , 
850, ,850.0, Spritzee           ,  0.00000% ,56.0,  0.001% ,46.0,  0.002% , 
851, ,851.0, Burmy              ,  0.00000% ,9.0,  0.000% ,7.0,  0.000% , 
852, ,852.0, Litleo             ,  0.00000% ,25.0,  0.001% ,14.0,  0.000% , 
853, ,853.0, Drowzee            ,  0.00000% ,53.0,  0.001% ,46.0,  0.002% , 
854, ,854.0, Steenee            ,  0.00000% ,16.0,  0.000% ,10.0,  0.000% , 
855, ,855.0, Croagunk           ,  0.00000% ,73.0,  0.002% ,57.0,  0.002% , 
856, ,856.0, Rufflet            ,  0.00000% ,8.0,  0.000% ,5.0,  0.000% , 
857, ,857.0, Fomantis           ,  0.00000% ,9.0,  0.000% ,7.0,  0.000% , 
858, ,858.0, Klink              ,  0.00000% ,8.0,  0.000% ,6.0,  0.000% , 
859, ,859.0, Cranidos           ,  0.00000% ,43.0,  0.001% ,33.0,  0.001% , 
860, ,860.0, Chespin            ,  0.00000% ,43.0,  0.001% ,31.0,  0.001% , 
861, ,861.0, Cacnea             ,  0.00000% ,18.0,  0.000% ,16.0,  0.001% , 
862, ,862.0, Horsea             ,  0.00000% ,26.0,  0.001% ,26.0,  0.001% , 
863, ,863.0, Stufful            ,  0.00000% ,39.0,  0.001% ,30.0,  0.001% , 
864, ,864.0, Pumpkaboo          ,  0.00000% ,65.0,  0.002% ,44.0,  0.001% , 
865, ,865.0, Nidorina           ,  0.00000% ,118.0,  0.003% ,85.0,  0.003% , 
866, ,866.0, Lotad              ,  0.00000% ,31.0,  0.001% ,29.0,  0.001% , 
867, ,867.0, Slugma             ,  0.00000% ,26.0,  0.001% ,17.0,  0.001% , 
868, ,868.0, Quilladin          ,  0.00000% ,44.0,  0.001% ,35.0,  0.001% , 
869, ,869.0, Kabuto             ,  0.00000% ,18.0,  0.000% ,16.0,  0.001% , 
870, ,870.0, Tynamo             ,  0.00000% ,7.0,  0.000% ,7.0,  0.000% , 
871, ,871.0, Yungoos            ,  0.00000% ,28.0,  0.001% ,20.0,  0.001% , 
872, ,872.0, Diglett-Alola      ,  0.00000% ,18.0,  0.000% ,15.0,  0.001% , 
873, ,873.0, Electrike          ,  0.00000% ,43.0,  0.001% ,36.0,  0.001% , 
874, ,874.0, Grimer             ,  0.00000% ,33.0,  0.001% ,26.0,  0.001% , 
875, ,875.0, Dewott             ,  0.00000% ,169.0,  0.004% ,126.0,  0.004% , 
876, ,876.0, Sandile            ,  0.00000% ,25.0,  0.001% ,19.0,  0.001% , 
877, ,877.0, Gothita            ,  0.00000% ,9.0,  0.000% ,4.0,  0.000% , 
878, ,878.0, Stunky             ,  0.00000% ,22.0,  0.001% ,11.0,  0.000% , 
879, ,879.0, Pidove             ,  0.00000% ,24.0,  0.001% ,18.0,  0.001% , 
880, ,880.0, Spearow            ,  0.00000% ,33.0,  0.001% ,23.0,  0.001% , 
881, ,881.0, Shinx              ,  0.00000% ,31.0,  0.001% ,23.0,  0.001% , 
882, ,882.0, NidoranM           ,  0.00000% ,116.0,  0.003% ,105.0,  0.004% , 
883, ,883.0, Clauncher          ,  0.00000% ,15.0,  0.000% ,11.0,  0.000% , 
884, ,884.0, Joltik             ,  0.00000% ,31.0,  0.001% ,23.0,  0.001% , 
885, ,885.0, Herdier            ,  0.00000% ,41.0,  0.001% ,34.0,  0.001% , 
886, ,886.0, Grubbin            ,  0.00000% ,14.0,  0.000% ,13.0,  0.000% , 
887, ,887.0, Pansage            ,  0.00000% ,27.0,  0.001% ,19.0,  0.001% , 
888, ,888.0, Grimer-Alola       ,  0.00000% ,44.0,  0.001% ,31.0,  0.001% , 
889, ,889.0, Pumpkaboo-Large    ,  0.00000% ,26.0,  0.001% ,10.0,  0.000% , 
890, ,890.0, Minccino           ,  0.00000% ,45.0,  0.001% ,33.0,  0.001% , 
891, ,891.0, Noibat             ,  0.00000% ,34.0,  0.001% ,27.0,  0.001% , 
892, ,892.0, Finneon            ,  0.00000% ,4.0,  0.000% ,4.0,  0.000% , 
893, ,893.0, Panpour            ,  0.00000% ,29.0,  0.001% ,21.0,  0.001% , 
894, ,894.0, Pansear            ,  0.00000% ,36.0,  0.001% ,26.0,  0.001% , 
895, ,895.0, Whismur            ,  0.00000% ,5.0,  0.000% ,4.0,  0.000% , 
896, ,896.0, Togedemaru-Totem   ,  0.00000% ,12.0,  0.000% ,8.0,  0.000% , 
897, ,897.0, Wimpod             ,  0.00000% ,19.0,  0.000% ,15.0,  0.001% , 
898, ,898.0, Blitzle            ,  0.00000% ,16.0,  0.000% ,13.0,  0.000% , 
899, ,899.0, Pumpkaboo-Small    ,  0.00000% ,1.0,  0.000% ,1.0,  0.000% , 
